Region,MonthDate,HPIndex
East Anglia,31/10/1973,19.6452
East Anglia,31/01/1974,19.7899
East Anglia,30/04/1974,19.9412
East Anglia,31/07/1974,20.1796
East Anglia,31/10/1974,20.4694
East Anglia,31/01/1975,20.7552
East Anglia,30/04/1975,20.9798
East Anglia,31/07/1975,20.9905
East Anglia,31/10/1975,21.519
East Anglia,31/01/1976,21.9423
East Anglia,30/04/1976,22.2122
East Anglia,31/07/1976,22.649
East Anglia,31/10/1976,22.9645
East Anglia,31/01/1977,23.1145
East Anglia,30/04/1977,23.6338
East Anglia,31/07/1977,24.3762
East Anglia,31/10/1977,24.6678
East Anglia,31/01/1978,25.8746
East Anglia,30/04/1978,26.6265
East Anglia,31/07/1978,29.3594
East Anglia,31/10/1978,30.4568
East Anglia,31/01/1979,32.7191
East Anglia,30/04/1979,35.3416
East Anglia,31/07/1979,38.5279
East Anglia,31/10/1979,42.4268
East Anglia,31/01/1980,44.7716
East Anglia,30/04/1980,46.6233
East Anglia,31/07/1980,46.7277
East Anglia,31/10/1980,47.2146
East Anglia,31/01/1981,47.942
East Anglia,30/04/1981,47.6773
East Anglia,31/07/1981,47.5014
East Anglia,31/10/1981,48.1996
East Anglia,31/01/1982,47.1622
East Anglia,30/04/1982,48.3379
East Anglia,31/07/1982,50.1472
East Anglia,31/10/1982,51.3808
East Anglia,31/01/1983,53.2051
East Anglia,30/04/1983,54.8584
East Anglia,31/07/1983,57.1196
East Anglia,31/10/1983,58.1994
East Anglia,31/01/1984,60.7882
East Anglia,30/04/1984,62.5767
East Anglia,31/07/1984,64.3558
East Anglia,31/10/1984,67.3333
East Anglia,31/01/1985,70.0621
East Anglia,30/04/1985,71.9808
East Anglia,31/07/1985,73.081
East Anglia,31/10/1985,75.7682
East Anglia,31/01/1986,77.0993
East Anglia,30/04/1986,79.0691
East Anglia,31/07/1986,81.7417
East Anglia,31/10/1986,87.199
East Anglia,31/01/1987,91.9231
East Anglia,30/04/1987,98.0414
East Anglia,31/07/1987,104.3863
East Anglia,31/10/1987,108.9263
East Anglia,31/01/1988,120.1514
East Anglia,30/04/1988,132.8596
East Anglia,31/07/1988,153.3559
East Anglia,31/10/1988,151.9143
East Anglia,31/01/1989,156.9653
East Anglia,30/04/1989,153.5997
East Anglia,31/07/1989,145.3172
East Anglia,31/10/1989,139.9379
East Anglia,31/01/1990,128.0974
East Anglia,30/04/1990,125.1975
East Anglia,31/07/1990,121.0417
East Anglia,31/10/1990,118.6192
East Anglia,31/01/1991,119.5599
East Anglia,30/04/1991,115.4888
East Anglia,31/07/1991,114.2841
East Anglia,31/10/1991,113.1873
East Anglia,31/01/1992,111.5845
East Anglia,30/04/1992,110.8633
East Anglia,31/07/1992,106.1668
East Anglia,31/10/1992,102.1218
East Anglia,31/01/1993,102.272
East Anglia,30/04/1993,101.5866
East Anglia,31/07/1993,105.5978
East Anglia,31/10/1993,107.6696
East Anglia,31/01/1994,106.2097
East Anglia,30/04/1994,104.8656
East Anglia,31/07/1994,106.497
East Anglia,31/10/1994,105.2492
East Anglia,31/01/1995,104.4125
East Anglia,30/04/1995,105.8891
East Anglia,31/07/1995,104.4157
East Anglia,31/10/1995,106.1381
East Anglia,31/01/1996,105.1053
East Anglia,30/04/1996,108.104
East Anglia,31/07/1996,108.4806
East Anglia,31/10/1996,112.3565
East Anglia,31/01/1997,120.4056
East Anglia,30/04/1997,116.5081
East Anglia,31/07/1997,122.5107
East Anglia,31/10/1997,125.1737
East Anglia,31/01/1998,125.3264
East Anglia,30/04/1998,129.3714
East Anglia,31/07/1998,132.9099
East Anglia,31/10/1998,132.3205
East Anglia,31/01/1999,135.5425
East Anglia,30/04/1999,134.2094
East Anglia,31/07/1999,140.5379
East Anglia,31/10/1999,148.7554
East Anglia,31/01/2000,157.1091
East Anglia,30/04/2000,161.7812
East Anglia,31/07/2000,161.9953
East Anglia,31/10/2000,164.8021
East Anglia,31/01/2001,172.3985
East Anglia,30/04/2001,177.9156
East Anglia,31/07/2001,192.3862
East Anglia,31/10/2001,194.63
East Anglia,31/01/2002,203.4378
East Anglia,30/04/2002,219.278
East Anglia,31/07/2002,234.3539
East Anglia,31/10/2002,250.7177
East Anglia,31/01/2003,258.1673
East Anglia,30/04/2003,264.9216
East Anglia,31/07/2003,269.29
East Anglia,31/10/2003,277.1007
East Anglia,31/01/2004,291.4456
East Anglia,30/04/2004,303.1096
East Anglia,31/07/2004,312.7211
East Anglia,31/10/2004,315.3459
East Anglia,31/01/2005,315.8896
East Anglia,30/04/2005,315.7394
East Anglia,31/07/2005,316.476
East Anglia,31/10/2005,320.926
East Anglia,31/01/2006,323.4147
East Anglia,30/04/2006,330.8794
East Anglia,31/07/2006,337.5411
East Anglia,31/10/2006,344.4762
East Anglia,31/01/2007,352.2617
East Anglia,30/04/2007,356.5619
East Anglia,31/07/2007,360.7177
East Anglia,31/10/2007,363.7862
East Anglia,31/01/2008,358.8891
East Anglia,30/04/2008,338.4396
East Anglia,31/07/2008,319.5864
East Anglia,31/10/2008,302.9943
East Anglia,31/01/2009,287.6049
East Anglia,30/04/2009,301.4113
East Anglia,31/07/2009,312.4597
East Anglia,31/10/2009,316.2808
East Anglia,31/01/2010,324.1931
East Anglia,30/04/2010,327.9467
East Anglia,31/07/2010,325.1824
East Anglia,31/10/2010,326.8889
East Anglia,31/01/2011,325.0841
East Anglia,30/04/2011,322.7324
East Anglia,31/07/2011,327.7994
East Anglia,31/10/2011,331.6403
East Anglia,31/01/2012,329.3339
East Anglia,30/04/2012,326.6578
East Anglia,31/07/2012,322.9016
East Anglia,31/10/2012,325.4599
East Anglia,31/01/2013,329.0507
East Anglia,30/04/2013,338.4536
East Anglia,31/07/2013,344.16
East Anglia,31/10/2013,349.7072
East Anglia,31/01/2014,360.0104
East Anglia,30/04/2014,370.6952
East Anglia,31/07/2014,382.2145
East Anglia,31/10/2014,383.8933
East Anglia,31/01/2015,387.761
East Anglia,30/04/2015,390.4125
East Anglia,31/07/2015,391.4892
East Anglia,31/10/2015,392.2054
East Anglia,31/01/2016,409.6432
East Anglia,30/04/2016,412.5537
East Anglia,31/07/2016,420.1059
East Anglia,31/10/2016,431.4695
East Anglia,31/01/2017,432.5918
East Anglia,30/04/2017,434.0067
East Anglia,31/07/2017,436.4463
East Anglia,31/10/2017,441.1646
East Anglia,31/01/2018,442.9579
East Anglia,30/04/2018,445.1309
East Anglia,31/07/2018,449.4725
East Anglia,31/10/2018,449.7618
East Anglia,31/01/2019,450.3931
East Anglia,30/04/2019,451.9196
East Anglia,31/07/2019,456.9678
East Anglia,31/10/2019,450.3214
East Anglia,31/01/2020,456.1453
East Anglia,30/04/2020,455.2824
East Midlands,31/10/1973,19.0859
East Midlands,31/01/1974,19.6132
East Midlands,30/04/1974,19.7165
East Midlands,31/07/1974,19.641
East Midlands,31/10/1974,19.6551
East Midlands,31/01/1975,19.8701
East Midlands,30/04/1975,20.5222
East Midlands,31/07/1975,20.8475
East Midlands,31/10/1975,21.476
East Midlands,31/01/1976,21.8484
East Midlands,30/04/1976,22.037
East Midlands,31/07/1976,22.5001
East Midlands,31/10/1976,23.0534
East Midlands,31/01/1977,23.4275
East Midlands,30/04/1977,23.8562
East Midlands,31/07/1977,24.2551
East Midlands,31/10/1977,24.5499
East Midlands,31/01/1978,25.9335
East Midlands,30/04/1978,26.2562
East Midlands,31/07/1978,28.4489
East Midlands,31/10/1978,30.4122
East Midlands,31/01/1979,32.1014
East Midlands,30/04/1979,34.2829
East Midlands,31/07/1979,36.7109
East Midlands,31/10/1979,38.9003
East Midlands,31/01/1980,41.2802
East Midlands,30/04/1980,42.5493
East Midlands,31/07/1980,43.6047
East Midlands,31/10/1980,44.0393
East Midlands,31/01/1981,45.4503
East Midlands,30/04/1981,44.6884
East Midlands,31/07/1981,46.3303
East Midlands,31/10/1981,46.119
East Midlands,31/01/1982,45.7205
East Midlands,30/04/1982,46.2587
East Midlands,31/07/1982,46.4867
East Midlands,31/10/1982,48.2186
East Midlands,31/01/1983,49.9622
East Midlands,30/04/1983,51.4937
East Midlands,31/07/1983,52.6208
East Midlands,31/10/1983,53.7809
East Midlands,31/01/1984,55.0937
East Midlands,30/04/1984,56.9235
East Midlands,31/07/1984,57.9695
East Midlands,31/10/1984,60.6619
East Midlands,31/01/1985,62.6303
East Midlands,30/04/1985,63.0881
East Midlands,31/07/1985,64.2769
East Midlands,31/10/1985,65.1824
East Midlands,31/01/1986,67.2623
East Midlands,30/04/1986,68.761
East Midlands,31/07/1986,70.5472
East Midlands,31/10/1986,73.3097
East Midlands,31/01/1987,76.5467
East Midlands,30/04/1987,78.4991
East Midlands,31/07/1987,78.8863
East Midlands,31/10/1987,80.3173
East Midlands,31/01/1988,83.1737
East Midlands,30/04/1988,92.6841
East Midlands,31/07/1988,108.4492
East Midlands,31/10/1988,120.7237
East Midlands,31/01/1989,128.5768
East Midlands,30/04/1989,130.1726
East Midlands,31/07/1989,126.8509
East Midlands,31/10/1989,133.8859
East Midlands,31/01/1990,129.8121
East Midlands,30/04/1990,125.5745
East Midlands,31/07/1990,121.0442
East Midlands,31/10/1990,115.9676
East Midlands,31/01/1991,115.3562
East Midlands,30/04/1991,115.6594
East Midlands,31/07/1991,114.1244
East Midlands,31/10/1991,112.2328
East Midlands,31/01/1992,110.467
East Midlands,30/04/1992,108.6605
East Midlands,31/07/1992,108.3642
East Midlands,31/10/1992,103.1333
East Midlands,31/01/1993,101.1379
East Midlands,30/04/1993,105.2998
East Midlands,31/07/1993,104.2975
East Midlands,31/10/1993,105.6915
East Midlands,31/01/1994,105.9266
East Midlands,30/04/1994,104.9694
East Midlands,31/07/1994,104.1218
East Midlands,31/10/1994,106.2487
East Midlands,31/01/1995,104.7529
East Midlands,30/04/1995,102.9449
East Midlands,31/07/1995,104.6249
East Midlands,31/10/1995,103.846
East Midlands,31/01/1996,104.5639
East Midlands,30/04/1996,106.6271
East Midlands,31/07/1996,107.2235
East Midlands,31/10/1996,111.9577
East Midlands,31/01/1997,112.7238
East Midlands,30/04/1997,111.4805
East Midlands,31/07/1997,120.3761
East Midlands,31/10/1997,119.7213
East Midlands,31/01/1998,121.5848
East Midlands,30/04/1998,123.3911
East Midlands,31/07/1998,124.7156
East Midlands,31/10/1998,124.8955
East Midlands,31/01/1999,128.4787
East Midlands,30/04/1999,131.4957
East Midlands,31/07/1999,134.7238
East Midlands,31/10/1999,137.6015
East Midlands,31/01/2000,143.3239
East Midlands,30/04/2000,146.5699
East Midlands,31/07/2000,148.3377
East Midlands,31/10/2000,152.7214
East Midlands,31/01/2001,156.9399
East Midlands,30/04/2001,160.1503
East Midlands,31/07/2001,167.1834
East Midlands,31/10/2001,175.6283
East Midlands,31/01/2002,182.8633
East Midlands,30/04/2002,196.7035
East Midlands,31/07/2002,214.0289
East Midlands,31/10/2002,224.0036
East Midlands,31/01/2003,239.8399
East Midlands,30/04/2003,252.2972
East Midlands,31/07/2003,258.5366
East Midlands,31/10/2003,273.7529
East Midlands,31/01/2004,286.1985
East Midlands,30/04/2004,301.3472
East Midlands,31/07/2004,310.1493
East Midlands,31/10/2004,314.921
East Midlands,31/01/2005,315.3339
East Midlands,30/04/2005,314.661
East Midlands,31/07/2005,316.9609
East Midlands,31/10/2005,314.9214
East Midlands,31/01/2006,319.7319
East Midlands,30/04/2006,321.327
East Midlands,31/07/2006,327.9075
East Midlands,31/10/2006,334.5967
East Midlands,31/01/2007,338.9645
East Midlands,30/04/2007,343.5888
East Midlands,31/07/2007,343.4
East Midlands,31/10/2007,343.907
East Midlands,31/01/2008,340.0751
East Midlands,30/04/2008,323.6111
East Midlands,31/07/2008,309.9343
East Midlands,31/10/2008,294.9769
East Midlands,31/01/2009,281.4337
East Midlands,30/04/2009,286.5425
East Midlands,31/07/2009,293.4624
East Midlands,31/10/2009,302.462
East Midlands,31/01/2010,308.7335
East Midlands,30/04/2010,311.7274
East Midlands,31/07/2010,310.7445
East Midlands,31/10/2010,307.5528
East Midlands,31/01/2011,307.746
East Midlands,30/04/2011,308.3583
East Midlands,31/07/2011,308.5298
East Midlands,31/10/2011,309.6061
East Midlands,31/01/2012,308.6614
East Midlands,30/04/2012,307.877
East Midlands,31/07/2012,304.7418
East Midlands,31/10/2012,306.8755
East Midlands,31/01/2013,309.9349
East Midlands,30/04/2013,312.5221
East Midlands,31/07/2013,320.0328
East Midlands,31/10/2013,325.4798
East Midlands,31/01/2014,332.184
East Midlands,30/04/2014,338.6245
East Midlands,31/07/2014,344.8053
East Midlands,31/10/2014,344.6678
East Midlands,31/01/2015,352.1317
East Midlands,30/04/2015,352.784
East Midlands,31/07/2015,351.5224
East Midlands,31/10/2015,357.0005
East Midlands,31/01/2016,360.2465
East Midlands,30/04/2016,367.2553
East Midlands,31/07/2016,370.0119
East Midlands,31/10/2016,374.3841
East Midlands,31/01/2017,378.3668
East Midlands,30/04/2017,382.465
East Midlands,31/07/2017,388.8072
East Midlands,31/10/2017,391.6256
East Midlands,31/01/2018,395.3029
East Midlands,30/04/2018,399.626
East Midlands,31/07/2018,407.4453
East Midlands,31/10/2018,407.3284
East Midlands,31/01/2019,405.4573
East Midlands,30/04/2019,407.6293
East Midlands,31/07/2019,409.1358
East Midlands,31/10/2019,409.1865
East Midlands,31/01/2020,420.0793
East Midlands,30/04/2020,413.6177
Greater London,31/10/1973,19.287
Greater London,31/01/1974,19.3768
Greater London,30/04/1974,19.7002
Greater London,31/07/1974,19.8312
Greater London,31/10/1974,19.8459
Greater London,31/01/1975,20.0868
Greater London,30/04/1975,20.5369
Greater London,31/07/1975,20.9515
Greater London,31/10/1975,21.5272
Greater London,31/01/1976,21.9586
Greater London,30/04/1976,22.0847
Greater London,31/07/1976,22.4094
Greater London,31/10/1976,22.7968
Greater London,31/01/1977,23.3237
Greater London,30/04/1977,23.372
Greater London,31/07/1977,23.7356
Greater London,31/10/1977,24.4361
Greater London,31/01/1978,25.9035
Greater London,30/04/1978,27.3574
Greater London,31/07/1978,30.6917
Greater London,31/10/1978,32.6359
Greater London,31/01/1979,35.1467
Greater London,30/04/1979,38.5042
Greater London,31/07/1979,41.0705
Greater London,31/10/1979,44.569
Greater London,31/01/1980,44.9547
Greater London,30/04/1980,45.6067
Greater London,31/07/1980,45.6404
Greater London,31/10/1980,45.8975
Greater London,31/01/1981,46.053
Greater London,30/04/1981,46.2801
Greater London,31/07/1981,46.8532
Greater London,31/10/1981,45.9197
Greater London,31/01/1982,47.016
Greater London,30/04/1982,47.6285
Greater London,31/07/1982,48.3154
Greater London,31/10/1982,50.0567
Greater London,31/01/1983,51.5753
Greater London,30/04/1983,54.1182
Greater London,31/07/1983,56.729
Greater London,31/10/1983,58.4266
Greater London,31/01/1984,61.8148
Greater London,30/04/1984,64.2879
Greater London,31/07/1984,65.6644
Greater London,31/10/1984,69.3353
Greater London,31/01/1985,72.9201
Greater London,30/04/1985,75.1584
Greater London,31/07/1985,77.7063
Greater London,31/10/1985,81.8312
Greater London,31/01/1986,84.9717
Greater London,30/04/1986,88.2522
Greater London,31/07/1986,94.762
Greater London,31/10/1986,102.3563
Greater London,31/01/1987,108.9588
Greater London,30/04/1987,115.8998
Greater London,31/07/1987,122.2582
Greater London,31/10/1987,122.4676
Greater London,31/01/1988,124.4737
Greater London,30/04/1988,130.2948
Greater London,31/07/1988,139.0431
Greater London,31/10/1988,142.2282
Greater London,31/01/1989,143.9621
Greater London,30/04/1989,144.9137
Greater London,31/07/1989,142.5737
Greater London,31/10/1989,140.6629
Greater London,31/01/1990,137.0666
Greater London,30/04/1990,128.9192
Greater London,31/07/1990,122.4438
Greater London,31/10/1990,117.0898
Greater London,31/01/1991,116.2187
Greater London,30/04/1991,115.3024
Greater London,31/07/1991,115.5073
Greater London,31/10/1991,113.2127
Greater London,31/01/1992,110.0887
Greater London,30/04/1992,108.1128
Greater London,31/07/1992,105.4599
Greater London,31/10/1992,100.1016
Greater London,31/01/1993,100.881
Greater London,30/04/1993,101.3266
Greater London,31/07/1993,101.1111
Greater London,31/10/1993,101.9871
Greater London,31/01/1994,104.381
Greater London,30/04/1994,103.0753
Greater London,31/07/1994,102.1158
Greater London,31/10/1994,105.5459
Greater London,31/01/1995,103.8145
Greater London,30/04/1995,108.5157
Greater London,31/07/1995,109.7426
Greater London,31/10/1995,111.6069
Greater London,31/01/1996,106.4056
Greater London,30/04/1996,112.479
Greater London,31/07/1996,115.786
Greater London,31/10/1996,120.9447
Greater London,31/01/1997,128.3142
Greater London,30/04/1997,132.1992
Greater London,31/07/1997,142.291
Greater London,31/10/1997,141.2841
Greater London,31/01/1998,147.8353
Greater London,30/04/1998,152.7915
Greater London,31/07/1998,158.3814
Greater London,31/10/1998,161.3227
Greater London,31/01/1999,167.6591
Greater London,30/04/1999,172.2775
Greater London,31/07/1999,182.176
Greater London,31/10/1999,196.0399
Greater London,31/01/2000,210.3017
Greater London,30/04/2000,216.1043
Greater London,31/07/2000,214.6485
Greater London,31/10/2000,221.7232
Greater London,31/01/2001,221.9157
Greater London,30/04/2001,238.3495
Greater London,31/07/2001,246.2361
Greater London,31/10/2001,253.2154
Greater London,31/01/2002,257.4664
Greater London,30/04/2002,273.7548
Greater London,31/07/2002,294.0206
Greater London,31/10/2002,307.1196
Greater London,31/01/2003,317.9184
Greater London,30/04/2003,313.8376
Greater London,31/07/2003,317.7054
Greater London,31/10/2003,328.8125
Greater London,31/01/2004,338.1618
Greater London,30/04/2004,347.1865
Greater London,31/07/2004,353.6164
Greater London,31/10/2004,353.3859
Greater London,31/01/2005,351.496
Greater London,30/04/2005,359.6039
Greater London,31/07/2005,359.1474
Greater London,31/10/2005,361.83
Greater London,31/01/2006,369.9071
Greater London,30/04/2006,376.4859
Greater London,31/07/2006,385.2444
Greater London,31/10/2006,402.8924
Greater London,31/01/2007,423.4037
Greater London,30/04/2007,435.1507
Greater London,31/07/2007,448.7288
Greater London,31/10/2007,454.569
Greater London,31/01/2008,447.5655
Greater London,30/04/2008,424.3991
Greater London,31/07/2008,406.7334
Greater London,31/10/2008,386.1549
Greater London,31/01/2009,366.3019
Greater London,30/04/2009,380.7789
Greater London,31/07/2009,398.8569
Greater London,31/10/2009,413.4601
Greater London,31/01/2010,424.0654
Greater London,30/04/2010,430.587
Greater London,31/07/2010,435.5494
Greater London,31/10/2010,423.6841
Greater London,31/01/2011,433.3289
Greater London,30/04/2011,442.7944
Greater London,31/07/2011,437.7245
Greater London,31/10/2011,446.4895
Greater London,31/01/2012,443.8443
Greater London,30/04/2012,447.8311
Greater London,31/07/2012,447.0277
Greater London,31/10/2012,449.7031
Greater London,31/01/2013,464.3929
Greater London,30/04/2013,470.9112
Greater London,31/07/2013,492.1977
Greater London,31/10/2013,516.7932
Greater London,31/01/2014,548.665
Greater London,30/04/2014,592.2052
Greater London,31/07/2014,596.4551
Greater London,31/10/2014,608.692
Greater London,31/01/2015,618.0973
Greater London,30/04/2015,635.6145
Greater London,31/07/2015,659.7094
Greater London,31/10/2015,682.6636
Greater London,31/01/2016,689.1643
Greater London,30/04/2016,698.9772
Greater London,31/07/2016,706.4741
Greater London,31/10/2016,707.7566
Greater London,31/01/2017,723.289
Greater London,30/04/2017,707.8751
Greater London,31/07/2017,702.0534
Greater London,31/10/2017,704.4568
Greater London,31/01/2018,715.4389
Greater London,30/04/2018,694.3892
Greater London,31/07/2018,697.4442
Greater London,31/10/2018,698.3472
Greater London,31/01/2019,687.8016
Greater London,30/04/2019,689.9335
Greater London,31/07/2019,685.8492
Greater London,31/10/2019,685.526
Greater London,31/01/2020,694.4785
Greater London,30/04/2020,704.523
North,31/10/1973,16.8762
North,31/01/1974,17.013
North,30/04/1974,16.9327
North,31/07/1974,17.1404
North,31/10/1974,17.3583
North,31/01/1975,17.9104
North,30/04/1975,18.7628
North,31/07/1975,19.522
North,31/10/1975,20.3667
North,31/01/1976,20.9333
North,30/04/1976,21.4194
North,31/07/1976,21.8782
North,31/10/1976,22.9898
North,31/01/1977,23.5781
North,30/04/1977,24.2972
North,31/07/1977,24.6882
North,31/10/1977,25.0475
North,31/01/1978,26.1378
North,30/04/1978,27.2558
North,31/07/1978,28.665
North,31/10/1978,30.0274
North,31/01/1979,31.2979
North,30/04/1979,32.919
North,31/07/1979,35.1274
North,31/10/1979,37.0621
North,31/01/1980,38.8111
North,30/04/1980,39.9024
North,31/07/1980,40.184
North,31/10/1980,40.3232
North,31/01/1981,40.3171
North,30/04/1981,40.4173
North,31/07/1981,40.6846
North,31/10/1981,40.9404
North,31/01/1982,42.3197
North,30/04/1982,42.9643
North,31/07/1982,43.9157
North,31/10/1982,46.5714
North,31/01/1983,46.0984
North,30/04/1983,47.5378
North,31/07/1983,50.0728
North,31/10/1983,50.0542
North,31/01/1984,51.8715
North,30/04/1984,53.3797
North,31/07/1984,54.142
North,31/10/1984,56.0049
North,31/01/1985,57.2665
North,30/04/1985,58.2398
North,31/07/1985,58.8086
North,31/10/1985,60.0518
North,31/01/1986,59.8319
North,30/04/1986,61.8469
North,31/07/1986,59.642
North,31/10/1986,62.791
North,31/01/1987,63.9808
North,30/04/1987,64.1079
North,31/07/1987,64.2852
North,31/10/1987,62.1908
North,31/01/1988,62.8583
North,30/04/1988,63.6467
North,31/07/1988,67.2415
North,31/10/1988,73.3222
North,31/01/1989,82.1922
North,30/04/1989,91.1844
North,31/07/1989,93.7824
North,31/10/1989,102.9987
North,31/01/1990,97.3126
North,30/04/1990,97.6367
North,31/07/1990,101.8187
North,31/10/1990,103.5014
North,31/01/1991,103.9007
North,30/04/1991,105.5284
North,31/07/1991,105.0269
North,31/10/1991,105.7458
North,31/01/1992,103.7067
North,30/04/1992,102.1464
North,31/07/1992,100.4362
North,31/10/1992,95.1048
North,31/01/1993,100.9563
North,30/04/1993,101.5739
North,31/07/1993,100.3051
North,31/10/1993,101.3625
North,31/01/1994,97.9028
North,30/04/1994,94.9951
North,31/07/1994,95.4756
North,31/10/1994,91.4158
North,31/01/1995,101.0208
North,30/04/1995,96.7574
North,31/07/1995,93.622
North,31/10/1995,94.1016
North,31/01/1996,95.7123
North,30/04/1996,97.5013
North,31/07/1996,96.6584
North,31/10/1996,99.4253
North,31/01/1997,99.4356
North,30/04/1997,98.626
North,31/07/1997,103.2568
North,31/10/1997,103.8601
North,31/01/1998,104.802
North,30/04/1998,106.7504
North,31/07/1998,107.533
North,31/10/1998,106.1343
North,31/01/1999,107.5055
North,30/04/1999,108.596
North,31/07/1999,111.1531
North,31/10/1999,111.942
North,31/01/2000,112.6048
North,30/04/2000,115.8304
North,31/07/2000,114.6982
North,31/10/2000,117.2957
North,31/01/2001,121.6961
North,30/04/2001,116.8142
North,31/07/2001,129.849
North,31/10/2001,130.7793
North,31/01/2002,131.9395
North,30/04/2002,142.7653
North,31/07/2002,154.0042
North,31/10/2002,166.6881
North,31/01/2003,179.6171
North,30/04/2003,188.8845
North,31/07/2003,202.6495
North,31/10/2003,217.4383
North,31/01/2004,238.7182
North,30/04/2004,251.1969
North,31/07/2004,263.6625
North,31/10/2004,267.3717
North,31/01/2005,270.3724
North,30/04/2005,271.7887
North,31/07/2005,270.9045
North,31/10/2005,261.6917
North,31/01/2006,271.7211
North,30/04/2006,274.3587
North,31/07/2006,273.5788
North,31/10/2006,283.5016
North,31/01/2007,285.0545
North,30/04/2007,291.3597
North,31/07/2007,293.8429
North,31/10/2007,292.7677
North,31/01/2008,292.3685
North,30/04/2008,280.8187
North,31/07/2008,268.879
North,31/10/2008,259.9016
North,31/01/2009,249.9925
North,30/04/2009,243.3661
North,31/07/2009,253.5538
North,31/10/2009,254.336
North,31/01/2010,256.0501
North,30/04/2010,257.9937
North,31/07/2010,255.766
North,31/10/2010,256.0821
North,31/01/2011,252.2567
North,30/04/2011,255.0588
North,31/07/2011,254.1935
North,31/10/2011,254.0866
North,31/01/2012,254.0149
North,30/04/2012,248.9885
North,31/07/2012,254.181
North,31/10/2012,251.512
North,31/01/2013,249.1076
North,30/04/2013,251.1364
North,31/07/2013,255.0016
North,31/10/2013,256.5273
North,31/01/2014,263.1023
North,30/04/2014,271.7695
North,31/07/2014,266.3804
North,31/10/2014,267.7659
North,31/01/2015,274.63
North,30/04/2015,272.2789
North,31/07/2015,272.0217
North,31/10/2015,273.5046
North,31/01/2016,270.8553
North,30/04/2016,269.7769
North,31/07/2016,272.027
North,31/10/2016,273.4206
North,31/01/2017,269.3554
North,30/04/2017,272.9263
North,31/07/2017,279.3991
North,31/10/2017,273.6217
North,31/01/2018,280.1287
North,30/04/2018,277.4293
North,31/07/2018,275.0488
North,31/10/2018,276.2865
North,31/01/2019,282.2195
North,30/04/2019,282.3362
North,31/07/2019,280.7688
North,31/10/2019,283.6578
North,31/01/2020,281.228
North,30/04/2020,282.0978
North West,31/10/1973,15.5169
North West,31/01/1974,15.7474
North West,30/04/1974,15.8756
North West,31/07/1974,15.8572
North West,31/10/1974,16.1166
North West,31/01/1975,16.4462
North West,30/04/1975,16.8118
North West,31/07/1975,17.2
North West,31/10/1975,17.6529
North West,31/01/1976,17.9965
North West,30/04/1976,18.3112
North West,31/07/1976,18.811
North West,31/10/1976,19.3621
North West,31/01/1977,19.9702
North West,30/04/1977,20.5753
North West,31/07/1977,21.1166
North West,31/10/1977,21.4789
North West,31/01/1978,22.7274
North West,30/04/1978,23.4574
North West,31/07/1978,25.2237
North West,31/10/1978,27.133
North West,31/01/1979,28.9696
North West,30/04/1979,30.7363
North West,31/07/1979,32.7218
North West,31/10/1979,34.842
North West,31/01/1980,36.4737
North West,30/04/1980,37.7699
North West,31/07/1980,38.9499
North West,31/10/1980,38.8138
North West,31/01/1981,38.8617
North West,30/04/1981,39.2057
North West,31/07/1981,39.0278
North West,31/10/1981,38.63
North West,31/01/1982,38.8497
North West,30/04/1982,39.3055
North West,31/07/1982,39.622
North West,31/10/1982,40.9755
North West,31/01/1983,41.7687
North West,30/04/1983,42.6961
North West,31/07/1983,43.7808
North West,31/10/1983,44.6655
North West,31/01/1984,46.422
North West,30/04/1984,47.7435
North West,31/07/1984,47.9314
North West,31/10/1984,50.4845
North West,31/01/1985,51.5614
North West,30/04/1985,52.2353
North West,31/07/1985,52.8122
North West,31/10/1985,53.5247
North West,31/01/1986,53.6098
North West,30/04/1986,54.3509
North West,31/07/1986,55.3249
North West,31/10/1986,56.4228
North West,31/01/1987,57.8698
North West,30/04/1987,58.5442
North West,31/07/1987,59.4314
North West,31/10/1987,59.0615
North West,31/01/1988,60.1406
North West,30/04/1988,62.4165
North West,31/07/1988,67.1547
North West,31/10/1988,74.2499
North West,31/01/1989,81.4921
North West,30/04/1989,89.3936
North West,31/07/1989,99.0527
North West,31/10/1989,98.6237
North West,31/01/1990,102.58
North West,30/04/1990,104.9184
North West,31/07/1990,103.6122
North West,31/10/1990,104.421
North West,31/01/1991,107.1514
North West,30/04/1991,107.1533
North West,31/07/1991,107.3601
North West,31/10/1991,108.0209
North West,31/01/1992,104.4831
North West,30/04/1992,106.5043
North West,31/07/1992,104.7202
North West,31/10/1992,102.9743
North West,31/01/1993,100.871
North West,30/04/1993,101.1604
North West,31/07/1993,103.1545
North West,31/10/1993,101.7816
North West,31/01/1994,102.5758
North West,30/04/1994,99.9139
North West,31/07/1994,99.7401
North West,31/10/1994,101.0457
North West,31/01/1995,95.7178
North West,30/04/1995,95.8835
North West,31/07/1995,94.6569
North West,31/10/1995,94.7638
North West,31/01/1996,96.0665
North West,30/04/1996,98.4739
North West,31/07/1996,99.107
North West,31/10/1996,101.3908
North West,31/01/1997,103.3342
North West,30/04/1997,103.961
North West,31/07/1997,106.3249
North West,31/10/1997,108.389
North West,31/01/1998,109.3937
North West,30/04/1998,110.5588
North West,31/07/1998,111.4437
North West,31/10/1998,111.4075
North West,31/01/1999,114.6061
North West,30/04/1999,116.2564
North West,31/07/1999,118.2293
North West,31/10/1999,121.5857
North West,31/01/2000,122.844
North West,30/04/2000,127.0644
North West,31/07/2000,124.1882
North West,31/10/2000,126.6656
North West,31/01/2001,132.2425
North West,30/04/2001,134.0216
North West,31/07/2001,141.3779
North West,31/10/2001,145.5158
North West,31/01/2002,149.1293
North West,30/04/2002,159.2509
North West,31/07/2002,168.9309
North West,31/10/2002,179.4565
North West,31/01/2003,187.7383
North West,30/04/2003,198.0492
North West,31/07/2003,208.7278
North West,31/10/2003,219.6047
North West,31/01/2004,239.111
North West,30/04/2004,254.1692
North West,31/07/2004,267.0921
North West,31/10/2004,273.3577
North West,31/01/2005,274.7858
North West,30/04/2005,277.5157
North West,31/07/2005,280.2469
North West,31/10/2005,281.3689
North West,31/01/2006,288.6155
North West,30/04/2006,288.8539
North West,31/07/2006,290.3645
North West,31/10/2006,298.1948
North West,31/01/2007,301.6639
North West,30/04/2007,305.8385
North West,31/07/2007,305.5684
North West,31/10/2007,308.1032
North West,31/01/2008,301.3521
North West,30/04/2008,289.4557
North West,31/07/2008,277.7156
North West,31/10/2008,263.5876
North West,31/01/2009,255.3275
North West,30/04/2009,253.7192
North West,31/07/2009,265.0472
North West,31/10/2009,270.9724
North West,31/01/2010,267.7986
North West,30/04/2010,272.8235
North West,31/07/2010,269.6083
North West,31/10/2010,265.9803
North West,31/01/2011,268.8756
North West,30/04/2011,270.6958
North West,31/07/2011,263.1855
North West,31/10/2011,262.8373
North West,31/01/2012,262.7565
North West,30/04/2012,259.4369
North West,31/07/2012,258.1245
North West,31/10/2012,258.5202
North West,31/01/2013,258.0793
North West,30/04/2013,260.1485
North West,31/07/2013,266.3995
North West,31/10/2013,271.3474
North West,31/01/2014,275.9836
North West,30/04/2014,278.6674
North West,31/07/2014,282.5033
North West,31/10/2014,281.403
North West,31/01/2015,281.7828
North West,30/04/2015,282.7128
North West,31/07/2015,280.5209
North West,31/10/2015,283.1429
North West,31/01/2016,283.2517
North West,30/04/2016,287.8729
North West,31/07/2016,292.4414
North West,31/10/2016,293.6233
North West,31/01/2017,297.0844
North West,30/04/2017,299.9439
North West,31/07/2017,300.5546
North West,31/10/2017,305.4995
North West,31/01/2018,305.9866
North West,30/04/2018,309.1926
North West,31/07/2018,313.0052
North West,31/10/2018,312.364
North West,31/01/2019,314.4644
North West,30/04/2019,313.3059
North West,31/07/2019,320.7297
North West,31/10/2019,318.0726
North West,31/01/2020,327.1212
North West,30/04/2020,328.5532
Northern Ireland,31/10/1973,22.8524
Northern Ireland,31/01/1974,24.456
Northern Ireland,30/04/1974,24.5195
Northern Ireland,31/07/1974,25.0899
Northern Ireland,31/10/1974,26.1887
Northern Ireland,31/01/1975,27.1098
Northern Ireland,30/04/1975,28.5457
Northern Ireland,31/07/1975,30.4442
Northern Ireland,31/10/1975,33.2601
Northern Ireland,31/01/1976,35.1564
Northern Ireland,30/04/1976,36.9413
Northern Ireland,31/07/1976,38.7168
Northern Ireland,31/10/1976,40.2041
Northern Ireland,31/01/1977,41.6893
Northern Ireland,30/04/1977,43.5133
Northern Ireland,31/07/1977,44.9431
Northern Ireland,31/10/1977,45.7602
Northern Ireland,31/01/1978,48.4265
Northern Ireland,30/04/1978,51.4771
Northern Ireland,31/07/1978,56.2439
Northern Ireland,31/10/1978,57.6981
Northern Ireland,31/01/1979,59.9912
Northern Ireland,30/04/1979,62.5188
Northern Ireland,31/07/1979,65.2452
Northern Ireland,31/10/1979,68.1519
Northern Ireland,31/01/1980,71.6405
Northern Ireland,30/04/1980,71.304
Northern Ireland,31/07/1980,70.3216
Northern Ireland,31/10/1980,68.9997
Northern Ireland,31/01/1981,67.4713
Northern Ireland,30/04/1981,66.6437
Northern Ireland,31/07/1981,65.8179
Northern Ireland,31/10/1981,65.9461
Northern Ireland,31/01/1982,66.5942
Northern Ireland,30/04/1982,66.3019
Northern Ireland,31/07/1982,65.4152
Northern Ireland,31/10/1982,66.8105
Northern Ireland,31/01/1983,67.2699
Northern Ireland,30/04/1983,68.4369
Northern Ireland,31/07/1983,69.5529
Northern Ireland,31/10/1983,71.0391
Northern Ireland,31/01/1984,72.4464
Northern Ireland,30/04/1984,73.317
Northern Ireland,31/07/1984,74.7643
Northern Ireland,31/10/1984,77.0339
Northern Ireland,31/01/1985,79.2437
Northern Ireland,30/04/1985,77.7319
Northern Ireland,31/07/1985,80.3757
Northern Ireland,31/10/1985,81.0939
Northern Ireland,31/01/1986,80.4294
Northern Ireland,30/04/1986,81.645
Northern Ireland,31/07/1986,83.1151
Northern Ireland,31/10/1986,82.5124
Northern Ireland,31/01/1987,80.7574
Northern Ireland,30/04/1987,84.1598
Northern Ireland,31/07/1987,83.6852
Northern Ireland,31/10/1987,80.1621
Northern Ireland,31/01/1988,80.5513
Northern Ireland,30/04/1988,80.0792
Northern Ireland,31/07/1988,78.9388
Northern Ireland,31/10/1988,81.8193
Northern Ireland,31/01/1989,81.2429
Northern Ireland,30/04/1989,83.0386
Northern Ireland,31/07/1989,82.6452
Northern Ireland,31/10/1989,83.8949
Northern Ireland,31/01/1990,87.0894
Northern Ireland,30/04/1990,83.7516
Northern Ireland,31/07/1990,79.9427
Northern Ireland,31/10/1990,86.5265
Northern Ireland,31/01/1991,88.5557
Northern Ireland,30/04/1991,87.7451
Northern Ireland,31/07/1991,91.2018
Northern Ireland,31/10/1991,89.8521
Northern Ireland,31/01/1992,90.503
Northern Ireland,30/04/1992,92.4562
Northern Ireland,31/07/1992,95.4832
Northern Ireland,31/10/1992,98.0364
Northern Ireland,31/01/1993,101.2649
Northern Ireland,30/04/1993,103.7744
Northern Ireland,31/07/1993,104.7662
Northern Ireland,31/10/1993,104.3846
Northern Ireland,31/01/1994,111.7356
Northern Ireland,30/04/1994,106.02
Northern Ireland,31/07/1994,114.2138
Northern Ireland,31/10/1994,112.8001
Northern Ireland,31/01/1995,111.9195
Northern Ireland,30/04/1995,115.8391
Northern Ireland,31/07/1995,117.1992
Northern Ireland,31/10/1995,122.2563
Northern Ireland,31/01/1996,122.9327
Northern Ireland,30/04/1996,127.9161
Northern Ireland,31/07/1996,132.8901
Northern Ireland,31/10/1996,137.5888
Northern Ireland,31/01/1997,141.7094
Northern Ireland,30/04/1997,143.9026
Northern Ireland,31/07/1997,149.5769
Northern Ireland,31/10/1997,152.8179
Northern Ireland,31/01/1998,157.1503
Northern Ireland,30/04/1998,161.7598
Northern Ireland,31/07/1998,157.7889
Northern Ireland,31/10/1998,169.6663
Northern Ireland,31/01/1999,173.5125
Northern Ireland,30/04/1999,172.8122
Northern Ireland,31/07/1999,185.1728
Northern Ireland,31/10/1999,181.683
Northern Ireland,31/01/2000,191.6333
Northern Ireland,30/04/2000,200.0453
Northern Ireland,31/07/2000,201.2612
Northern Ireland,31/10/2000,209.2366
Northern Ireland,31/01/2001,213.0759
Northern Ireland,30/04/2001,216.5929
Northern Ireland,31/07/2001,220.2177
Northern Ireland,31/10/2001,215.9979
Northern Ireland,31/01/2002,222.8613
Northern Ireland,30/04/2002,234.6367
Northern Ireland,31/07/2002,238.7481
Northern Ireland,31/10/2002,249.1798
Northern Ireland,31/01/2003,254.3355
Northern Ireland,30/04/2003,256.8507
Northern Ireland,31/07/2003,267.4783
Northern Ireland,31/10/2003,273.3927
Northern Ireland,31/01/2004,285.9231
Northern Ireland,30/04/2004,294.4251
Northern Ireland,31/07/2004,309.5135
Northern Ireland,31/10/2004,321.221
Northern Ireland,31/01/2005,323.5176
Northern Ireland,30/04/2005,334.2503
Northern Ireland,31/07/2005,345.7326
Northern Ireland,31/10/2005,362.3039
Northern Ireland,31/01/2006,380.964
Northern Ireland,30/04/2006,417.7368
Northern Ireland,31/07/2006,461.8609
Northern Ireland,31/10/2006,521.3405
Northern Ireland,31/01/2007,600.6825
Northern Ireland,30/04/2007,643.7848
Northern Ireland,31/07/2007,658.3089
Northern Ireland,31/10/2007,647.7789
Northern Ireland,31/01/2008,579.9597
Northern Ireland,30/04/2008,524.4607
Northern Ireland,31/07/2008,461.0427
Northern Ireland,31/10/2008,426.6583
Northern Ireland,31/01/2009,407.8433
Northern Ireland,30/04/2009,388.6948
Northern Ireland,31/07/2009,423.1668
Northern Ireland,31/10/2009,399.282
Northern Ireland,31/01/2010,395.3922
Northern Ireland,30/04/2010,368.6119
Northern Ireland,31/07/2010,375.6895
Northern Ireland,31/10/2010,362.1274
Northern Ireland,31/01/2011,351.9859
Northern Ireland,30/04/2011,353.7035
Northern Ireland,31/07/2011,340.4408
Northern Ireland,31/10/2011,330.4995
Northern Ireland,31/01/2012,321.0095
Northern Ireland,30/04/2012,316.0815
Northern Ireland,31/07/2012,309.1979
Northern Ireland,31/10/2012,303.2755
Northern Ireland,31/01/2013,317.9889
Northern Ireland,30/04/2013,309.6008
Northern Ireland,31/07/2013,312.1803
Northern Ireland,31/10/2013,324.216
Northern Ireland,31/01/2014,335.3654
Northern Ireland,30/04/2014,335.4678
Northern Ireland,31/07/2014,344.3534
Northern Ireland,31/10/2014,350.2034
Northern Ireland,31/01/2015,354.3673
Northern Ireland,30/04/2015,362.9938
Northern Ireland,31/07/2015,366.3493
Northern Ireland,31/10/2015,372.8239
Northern Ireland,31/01/2016,360.5639
Northern Ireland,30/04/2016,369.1324
Northern Ireland,31/07/2016,374.8408
Northern Ireland,31/10/2016,375.8561
Northern Ireland,31/01/2017,373.5426
Northern Ireland,30/04/2017,383.603
Northern Ireland,31/07/2017,383.6128
Northern Ireland,31/10/2017,384.0443
Northern Ireland,31/01/2018,401.8276
Northern Ireland,30/04/2018,391.6893
Northern Ireland,31/07/2018,400.3659
Northern Ireland,31/10/2018,406.9027
Northern Ireland,31/01/2019,413.502
Northern Ireland,30/04/2019,412.6546
Northern Ireland,31/07/2019,414.2135
Northern Ireland,31/10/2019,411.3461
Northern Ireland,31/01/2020,415.3466
Northern Ireland,30/04/2020,413.1679
Outer Metropolitan,31/10/1973,18.5714
Outer Metropolitan,31/01/1974,18.7128
Outer Metropolitan,30/04/1974,18.7598
Outer Metropolitan,31/07/1974,18.8255
Outer Metropolitan,31/10/1974,18.9026
Outer Metropolitan,31/01/1975,19.2866
Outer Metropolitan,30/04/1975,19.7926
Outer Metropolitan,31/07/1975,20.3024
Outer Metropolitan,31/10/1975,20.9844
Outer Metropolitan,31/01/1976,21.3559
Outer Metropolitan,30/04/1976,21.7084
Outer Metropolitan,31/07/1976,22.0294
Outer Metropolitan,31/10/1976,22.4333
Outer Metropolitan,31/01/1977,22.7001
Outer Metropolitan,30/04/1977,22.9838
Outer Metropolitan,31/07/1977,23.2806
Outer Metropolitan,31/10/1977,23.6491
Outer Metropolitan,31/01/1978,25.0907
Outer Metropolitan,30/04/1978,26.7516
Outer Metropolitan,31/07/1978,29.9148
Outer Metropolitan,31/10/1978,32.3494
Outer Metropolitan,31/01/1979,33.9172
Outer Metropolitan,30/04/1979,36.0502
Outer Metropolitan,31/07/1979,38.3738
Outer Metropolitan,31/10/1979,41.4997
Outer Metropolitan,31/01/1980,43.3159
Outer Metropolitan,30/04/1980,43.9362
Outer Metropolitan,31/07/1980,44.1142
Outer Metropolitan,31/10/1980,43.9703
Outer Metropolitan,31/01/1981,44.7437
Outer Metropolitan,30/04/1981,44.9835
Outer Metropolitan,31/07/1981,45.2657
Outer Metropolitan,31/10/1981,45.2747
Outer Metropolitan,31/01/1982,45.5537
Outer Metropolitan,30/04/1982,46.4192
Outer Metropolitan,31/07/1982,47.6943
Outer Metropolitan,31/10/1982,49.409
Outer Metropolitan,31/01/1983,51.5905
Outer Metropolitan,30/04/1983,54.3245
Outer Metropolitan,31/07/1983,56.0719
Outer Metropolitan,31/10/1983,58.7153
Outer Metropolitan,31/01/1984,61.3427
Outer Metropolitan,30/04/1984,63.7372
Outer Metropolitan,31/07/1984,65.5051
Outer Metropolitan,31/10/1984,67.8823
Outer Metropolitan,31/01/1985,70.4717
Outer Metropolitan,30/04/1985,72.6162
Outer Metropolitan,31/07/1985,74.7576
Outer Metropolitan,31/10/1985,78.0047
Outer Metropolitan,31/01/1986,79.0015
Outer Metropolitan,30/04/1986,82.3008
Outer Metropolitan,31/07/1986,86.8947
Outer Metropolitan,31/10/1986,93.713
Outer Metropolitan,31/01/1987,101.1243
Outer Metropolitan,30/04/1987,106.6333
Outer Metropolitan,31/07/1987,111.8171
Outer Metropolitan,31/10/1987,114.1138
Outer Metropolitan,31/01/1988,118.8381
Outer Metropolitan,30/04/1988,124.5145
Outer Metropolitan,31/07/1988,133.8959
Outer Metropolitan,31/10/1988,139.9359
Outer Metropolitan,31/01/1989,143.4005
Outer Metropolitan,30/04/1989,143.4846
Outer Metropolitan,31/07/1989,138.4605
Outer Metropolitan,31/10/1989,134.6165
Outer Metropolitan,31/01/1990,126.3191
Outer Metropolitan,30/04/1990,120.7479
Outer Metropolitan,31/07/1990,116.9652
Outer Metropolitan,31/10/1990,113.1709
Outer Metropolitan,31/01/1991,113.6169
Outer Metropolitan,30/04/1991,113.8829
Outer Metropolitan,31/07/1991,113.2115
Outer Metropolitan,31/10/1991,111.6943
Outer Metropolitan,31/01/1992,108.0692
Outer Metropolitan,30/04/1992,106.1004
Outer Metropolitan,31/07/1992,103.4676
Outer Metropolitan,31/10/1992,100.5521
Outer Metropolitan,31/01/1993,101.0445
Outer Metropolitan,30/04/1993,101.2762
Outer Metropolitan,31/07/1993,101.4163
Outer Metropolitan,31/10/1993,104.7966
Outer Metropolitan,31/01/1994,103.9749
Outer Metropolitan,30/04/1994,105.9835
Outer Metropolitan,31/07/1994,105.2661
Outer Metropolitan,31/10/1994,105.4148
Outer Metropolitan,31/01/1995,104.5194
Outer Metropolitan,30/04/1995,102.0459
Outer Metropolitan,31/07/1995,102.0159
Outer Metropolitan,31/10/1995,101.4597
Outer Metropolitan,31/01/1996,102.8368
Outer Metropolitan,30/04/1996,104.2433
Outer Metropolitan,31/07/1996,107.5725
Outer Metropolitan,31/10/1996,111.8327
Outer Metropolitan,31/01/1997,115.352
Outer Metropolitan,30/04/1997,121.2299
Outer Metropolitan,31/07/1997,128.1325
Outer Metropolitan,31/10/1997,134.0115
Outer Metropolitan,31/01/1998,139.5522
Outer Metropolitan,30/04/1998,143.0457
Outer Metropolitan,31/07/1998,146.6879
Outer Metropolitan,31/10/1998,149.4277
Outer Metropolitan,31/01/1999,151.422
Outer Metropolitan,30/04/1999,155.5418
Outer Metropolitan,31/07/1999,162.0842
Outer Metropolitan,31/10/1999,172.4367
Outer Metropolitan,31/01/2000,184.3341
Outer Metropolitan,30/04/2000,190.0032
Outer Metropolitan,31/07/2000,192.6837
Outer Metropolitan,31/10/2000,195.3992
Outer Metropolitan,31/01/2001,198.1884
Outer Metropolitan,30/04/2001,209.0291
Outer Metropolitan,31/07/2001,213.6664
Outer Metropolitan,31/10/2001,218.214
Outer Metropolitan,31/01/2002,224.8947
Outer Metropolitan,30/04/2002,238.7014
Outer Metropolitan,31/07/2002,253.6371
Outer Metropolitan,31/10/2002,274.67
Outer Metropolitan,31/01/2003,278.2064
Outer Metropolitan,30/04/2003,281.0291
Outer Metropolitan,31/07/2003,285.6723
Outer Metropolitan,31/10/2003,291.3423
Outer Metropolitan,31/01/2004,300.3314
Outer Metropolitan,30/04/2004,307.2542
Outer Metropolitan,31/07/2004,314.8011
Outer Metropolitan,31/10/2004,314.7718
Outer Metropolitan,31/01/2005,314.6993
Outer Metropolitan,30/04/2005,317.5951
Outer Metropolitan,31/07/2005,316.2175
Outer Metropolitan,31/10/2005,317.6935
Outer Metropolitan,31/01/2006,323.6445
Outer Metropolitan,30/04/2006,328.0125
Outer Metropolitan,31/07/2006,334.545
Outer Metropolitan,31/10/2006,345.7743
Outer Metropolitan,31/01/2007,356.7096
Outer Metropolitan,30/04/2007,362.8965
Outer Metropolitan,31/07/2007,371.1952
Outer Metropolitan,31/10/2007,375.0972
Outer Metropolitan,31/01/2008,370.2093
Outer Metropolitan,30/04/2008,355.8108
Outer Metropolitan,31/07/2008,332.4195
Outer Metropolitan,31/10/2008,315.6435
Outer Metropolitan,31/01/2009,306.2377
Outer Metropolitan,30/04/2009,311.2452
Outer Metropolitan,31/07/2009,325.1175
Outer Metropolitan,31/10/2009,335.9505
Outer Metropolitan,31/01/2010,343.9782
Outer Metropolitan,30/04/2010,351.4807
Outer Metropolitan,31/07/2010,352.4506
Outer Metropolitan,31/10/2010,345.2114
Outer Metropolitan,31/01/2011,353.157
Outer Metropolitan,30/04/2011,350.6716
Outer Metropolitan,31/07/2011,357.0134
Outer Metropolitan,31/10/2011,357.6989
Outer Metropolitan,31/01/2012,356.0994
Outer Metropolitan,30/04/2012,357.3456
Outer Metropolitan,31/07/2012,354.0518
Outer Metropolitan,31/10/2012,356.9495
Outer Metropolitan,31/01/2013,361.0713
Outer Metropolitan,30/04/2013,364.3621
Outer Metropolitan,31/07/2013,374.2187
Outer Metropolitan,31/10/2013,387.7377
Outer Metropolitan,31/01/2014,398.4571
Outer Metropolitan,30/04/2014,424.3908
Outer Metropolitan,31/07/2014,428.2273
Outer Metropolitan,31/10/2014,436.9936
Outer Metropolitan,31/01/2015,445.8223
Outer Metropolitan,30/04/2015,453.3136
Outer Metropolitan,31/07/2015,468.8836
Outer Metropolitan,31/10/2015,484.9251
Outer Metropolitan,31/01/2016,499.724
Outer Metropolitan,30/04/2016,509.8031
Outer Metropolitan,31/07/2016,513.796
Outer Metropolitan,31/10/2016,518.218
Outer Metropolitan,31/01/2017,517.5829
Outer Metropolitan,30/04/2017,520.5762
Outer Metropolitan,31/07/2017,524.5502
Outer Metropolitan,31/10/2017,524.4952
Outer Metropolitan,31/01/2018,526.853
Outer Metropolitan,30/04/2018,525.0836
Outer Metropolitan,31/07/2018,522.7806
Outer Metropolitan,31/10/2018,517.2119
Outer Metropolitan,31/01/2019,516.2548
Outer Metropolitan,30/04/2019,515.3846
Outer Metropolitan,31/07/2019,515.0271
Outer Metropolitan,31/10/2019,518.8875
Outer Metropolitan,31/01/2020,520.5948
Outer Metropolitan,30/04/2020,523.5005
Outer South East,31/10/1973,20.0664
Outer South East,31/01/1974,20.2269
Outer South East,30/04/1974,20.0274
Outer South East,31/07/1974,20.1718
Outer South East,31/10/1974,20.2963
Outer South East,31/01/1975,20.464
Outer South East,30/04/1975,21.0284
Outer South East,31/07/1975,21.2329
Outer South East,31/10/1975,21.7332
Outer South East,31/01/1976,22.1216
Outer South East,30/04/1976,22.3639
Outer South East,31/07/1976,22.6329
Outer South East,31/10/1976,22.8847
Outer South East,31/01/1977,23.2392
Outer South East,30/04/1977,23.6878
Outer South East,31/07/1977,24.0393
Outer South East,31/10/1977,24.7104
Outer South East,31/01/1978,25.8769
Outer South East,30/04/1978,27.228
Outer South East,31/07/1978,29.9117
Outer South East,31/10/1978,32.1969
Outer South East,31/01/1979,34.3908
Outer South East,30/04/1979,36.9213
Outer South East,31/07/1979,40.1066
Outer South East,31/10/1979,43.9769
Outer South East,31/01/1980,45.6396
Outer South East,30/04/1980,46.4282
Outer South East,31/07/1980,46.9457
Outer South East,31/10/1980,46.6536
Outer South East,31/01/1981,47.1609
Outer South East,30/04/1981,47.7312
Outer South East,31/07/1981,47.8373
Outer South East,31/10/1981,47.8121
Outer South East,31/01/1982,47.6518
Outer South East,30/04/1982,48.7875
Outer South East,31/07/1982,49.5338
Outer South East,31/10/1982,51.3865
Outer South East,31/01/1983,53.9285
Outer South East,30/04/1983,56.1048
Outer South East,31/07/1983,58.5031
Outer South East,31/10/1983,60.1925
Outer South East,31/01/1984,63.1945
Outer South East,30/04/1984,65.3221
Outer South East,31/07/1984,66.9364
Outer South East,31/10/1984,70.0058
Outer South East,31/01/1985,72.1512
Outer South East,30/04/1985,73.9081
Outer South East,31/07/1985,75.6391
Outer South East,31/10/1985,78.2339
Outer South East,31/01/1986,80.4815
Outer South East,30/04/1986,83.0461
Outer South East,31/07/1986,87.0456
Outer South East,31/10/1986,92.2611
Outer South East,31/01/1987,97.4247
Outer South East,30/04/1987,102.705
Outer South East,31/07/1987,109.3248
Outer South East,31/10/1987,111.8184
Outer South East,31/01/1988,119.7517
Outer South East,30/04/1988,128.7431
Outer South East,31/07/1988,143.9328
Outer South East,31/10/1988,150.9741
Outer South East,31/01/1989,153.3793
Outer South East,30/04/1989,152.2488
Outer South East,31/07/1989,147.3861
Outer South East,31/10/1989,141.0196
Outer South East,31/01/1990,134.5432
Outer South East,30/04/1990,128.1216
Outer South East,31/07/1990,121.5214
Outer South East,31/10/1990,118.018
Outer South East,31/01/1991,117.0244
Outer South East,30/04/1991,116.3781
Outer South East,31/07/1991,114.9564
Outer South East,31/10/1991,113.1452
Outer South East,31/01/1992,108.6348
Outer South East,30/04/1992,106.7517
Outer South East,31/07/1992,104.351
Outer South East,31/10/1992,100.015
Outer South East,31/01/1993,101.1485
Outer South East,30/04/1993,98.9292
Outer South East,31/07/1993,101.8359
Outer South East,31/10/1993,102.1894
Outer South East,31/01/1994,103.9012
Outer South East,30/04/1994,104.5718
Outer South East,31/07/1994,104.0935
Outer South East,31/10/1994,106.5388
Outer South East,31/01/1995,104.4019
Outer South East,30/04/1995,108.6734
Outer South East,31/07/1995,107.7719
Outer South East,31/10/1995,107.5531
Outer South East,31/01/1996,110.9578
Outer South East,30/04/1996,113.2299
Outer South East,31/07/1996,115.0881
Outer South East,31/10/1996,118.994
Outer South East,31/01/1997,120.3782
Outer South East,30/04/1997,124.3016
Outer South East,31/07/1997,129.4811
Outer South East,31/10/1997,131.748
Outer South East,31/01/1998,135.3924
Outer South East,30/04/1998,137.8741
Outer South East,31/07/1998,139.5179
Outer South East,31/10/1998,143.1352
Outer South East,31/01/1999,145.8685
Outer South East,30/04/1999,147.2273
Outer South East,31/07/1999,156.2222
Outer South East,31/10/1999,165.6339
Outer South East,31/01/2000,176.1939
Outer South East,30/04/2000,183.2138
Outer South East,31/07/2000,185.2072
Outer South East,31/10/2000,187.5142
Outer South East,31/01/2001,192.1307
Outer South East,30/04/2001,199.4108
Outer South East,31/07/2001,209.5854
Outer South East,31/10/2001,216.8829
Outer South East,31/01/2002,221.4746
Outer South East,30/04/2002,240.0611
Outer South East,31/07/2002,259.2912
Outer South East,31/10/2002,277.4671
Outer South East,31/01/2003,289.3962
Outer South East,30/04/2003,293.4058
Outer South East,31/07/2003,297.7846
Outer South East,31/10/2003,306.37
Outer South East,31/01/2004,318.884
Outer South East,30/04/2004,330.0381
Outer South East,31/07/2004,340.3981
Outer South East,31/10/2004,338.4204
Outer South East,31/01/2005,335.9407
Outer South East,30/04/2005,338.0552
Outer South East,31/07/2005,339.9475
Outer South East,31/10/2005,342.3308
Outer South East,31/01/2006,347.7654
Outer South East,30/04/2006,351.5532
Outer South East,31/07/2006,357.3419
Outer South East,31/10/2006,368.8532
Outer South East,31/01/2007,379.057
Outer South East,30/04/2007,387.7544
Outer South East,31/07/2007,393.1345
Outer South East,31/10/2007,395.5544
Outer South East,31/01/2008,392.1688
Outer South East,30/04/2008,371.9788
Outer South East,31/07/2008,349.8353
Outer South East,31/10/2008,334.6266
Outer South East,31/01/2009,320.5353
Outer South East,30/04/2009,330.4809
Outer South East,31/07/2009,343.5743
Outer South East,31/10/2009,353.0341
Outer South East,31/01/2010,362.264
Outer South East,30/04/2010,367.4649
Outer South East,31/07/2010,367.5145
Outer South East,31/10/2010,360.0848
Outer South East,31/01/2011,358.5149
Outer South East,30/04/2011,362.3834
Outer South East,31/07/2011,361.8058
Outer South East,31/10/2011,365.7097
Outer South East,31/01/2012,364.9939
Outer South East,30/04/2012,360.8201
Outer South East,31/07/2012,364.9795
Outer South East,31/10/2012,364.9268
Outer South East,31/01/2013,367.6666
Outer South East,30/04/2013,368.1153
Outer South East,31/07/2013,377.8344
Outer South East,31/10/2013,392.1982
Outer South East,31/01/2014,404.266
Outer South East,30/04/2014,419.5855
Outer South East,31/07/2014,428.0894
Outer South East,31/10/2014,433.5922
Outer South East,31/01/2015,437.7345
Outer South East,30/04/2015,444.4399
Outer South East,31/07/2015,452.09
Outer South East,31/10/2015,462.7474
Outer South East,31/01/2016,473.6198
Outer South East,30/04/2016,483.5776
Outer South East,31/07/2016,488.7205
Outer South East,31/10/2016,494.9518
Outer South East,31/01/2017,503.3194
Outer South East,30/04/2017,500.4402
Outer South East,31/07/2017,507.8659
Outer South East,31/10/2017,510.6625
Outer South East,31/01/2018,512.983
Outer South East,30/04/2018,513.3958
Outer South East,31/07/2018,512.163
Outer South East,31/10/2018,511.0286
Outer South East,31/01/2019,506.7381
Outer South East,30/04/2019,505.3691
Outer South East,31/07/2019,509.0682
Outer South East,31/10/2019,505.9178
Outer South East,31/01/2020,515.2065
Outer South East,30/04/2020,515.9523
Scotland,31/10/1973,17.102
Scotland,31/01/1974,17.3715
Scotland,30/04/1974,17.5117
Scotland,31/07/1974,18.0534
Scotland,31/10/1974,18.5139
Scotland,31/01/1975,19.021
Scotland,30/04/1975,20.1331
Scotland,31/07/1975,21.0537
Scotland,31/10/1975,22.3742
Scotland,31/01/1976,23.6296
Scotland,30/04/1976,24.5057
Scotland,31/07/1976,25.0423
Scotland,31/10/1976,25.7815
Scotland,31/01/1977,26.1143
Scotland,30/04/1977,26.6839
Scotland,31/07/1977,27.2866
Scotland,31/10/1977,27.5197
Scotland,31/01/1978,28.7951
Scotland,30/04/1978,29.8174
Scotland,31/07/1978,31.4831
Scotland,31/10/1978,32.8863
Scotland,31/01/1979,34.5585
Scotland,30/04/1979,35.8921
Scotland,31/07/1979,37.6015
Scotland,31/10/1979,41.2488
Scotland,31/01/1980,41.1333
Scotland,30/04/1980,42.1056
Scotland,31/07/1980,42.4567
Scotland,31/10/1980,43.3143
Scotland,31/01/1981,43.9224
Scotland,30/04/1981,45.0812
Scotland,31/07/1981,45.6502
Scotland,31/10/1981,45.9609
Scotland,31/01/1982,46.7059
Scotland,30/04/1982,47.7437
Scotland,31/07/1982,47.6226
Scotland,31/10/1982,48.7654
Scotland,31/01/1983,50.5336
Scotland,30/04/1983,52.0283
Scotland,31/07/1983,53.6873
Scotland,31/10/1983,54.9061
Scotland,31/01/1984,56.2259
Scotland,30/04/1984,57.8635
Scotland,31/07/1984,58.6625
Scotland,31/10/1984,61.291
Scotland,31/01/1985,62.8932
Scotland,30/04/1985,63.2566
Scotland,31/07/1985,63.6238
Scotland,31/10/1985,64.3805
Scotland,31/01/1986,64.7474
Scotland,30/04/1986,65.6612
Scotland,31/07/1986,66.0629
Scotland,31/10/1986,66.8006
Scotland,31/01/1987,68.5793
Scotland,30/04/1987,67.9598
Scotland,31/07/1987,67.7931
Scotland,31/10/1987,67.1805
Scotland,31/01/1988,66.4238
Scotland,30/04/1988,67.3565
Scotland,31/07/1988,69.5629
Scotland,31/10/1988,73.3221
Scotland,31/01/1989,77.7084
Scotland,30/04/1989,83.5484
Scotland,31/07/1989,88.6676
Scotland,31/10/1989,92.8403
Scotland,31/01/1990,87.2952
Scotland,30/04/1990,88.3871
Scotland,31/07/1990,90.1919
Scotland,31/10/1990,89.3671
Scotland,31/01/1991,91.4275
Scotland,30/04/1991,92.2803
Scotland,31/07/1991,93.0136
Scotland,31/10/1991,95.5118
Scotland,31/01/1992,95.7229
Scotland,30/04/1992,99.0096
Scotland,31/07/1992,96.5957
Scotland,31/10/1992,97.1626
Scotland,31/01/1993,100.51
Scotland,30/04/1993,99.1718
Scotland,31/07/1993,98.8325
Scotland,31/10/1993,99.6804
Scotland,31/01/1994,99.3192
Scotland,30/04/1994,101.4167
Scotland,31/07/1994,105.1641
Scotland,31/10/1994,99.8493
Scotland,31/01/1995,101.6176
Scotland,30/04/1995,98.44
Scotland,31/07/1995,98.0534
Scotland,31/10/1995,99.4152
Scotland,31/01/1996,101.6707
Scotland,30/04/1996,101.7862
Scotland,31/07/1996,100.1602
Scotland,31/10/1996,101.3473
Scotland,31/01/1997,101.4067
Scotland,30/04/1997,103.9522
Scotland,31/07/1997,107.9314
Scotland,31/10/1997,109.5388
Scotland,31/01/1998,110.7487
Scotland,30/04/1998,111.8424
Scotland,31/07/1998,116.44
Scotland,31/10/1998,113.0177
Scotland,31/01/1999,116.0219
Scotland,30/04/1999,117.1218
Scotland,31/07/1999,117.1755
Scotland,31/10/1999,118.2758
Scotland,31/01/2000,121.0511
Scotland,30/04/2000,123.4274
Scotland,31/07/2000,121.7752
Scotland,31/10/2000,123.8657
Scotland,31/01/2001,123.7959
Scotland,30/04/2001,123.4423
Scotland,31/07/2001,127.8035
Scotland,31/10/2001,129.9106
Scotland,31/01/2002,134.5569
Scotland,30/04/2002,138.5683
Scotland,31/07/2002,146.1965
Scotland,31/10/2002,151.0997
Scotland,31/01/2003,150.905
Scotland,30/04/2003,160.8029
Scotland,31/07/2003,166.5897
Scotland,31/10/2003,176.5708
Scotland,31/01/2004,187.075
Scotland,30/04/2004,199.6507
Scotland,31/07/2004,206.6758
Scotland,31/10/2004,208.7983
Scotland,31/01/2005,215.7995
Scotland,30/04/2005,220.2425
Scotland,31/07/2005,221.6528
Scotland,31/10/2005,228.1739
Scotland,31/01/2006,236.6657
Scotland,30/04/2006,243.9156
Scotland,31/07/2006,255.7063
Scotland,31/10/2006,264.2128
Scotland,31/01/2007,272.5522
Scotland,30/04/2007,279.954
Scotland,31/07/2007,287.4196
Scotland,31/10/2007,290.2337
Scotland,31/01/2008,289.968
Scotland,30/04/2008,281.719
Scotland,31/07/2008,267.4668
Scotland,31/10/2008,266.2301
Scotland,31/01/2009,253.5849
Scotland,30/04/2009,252.9431
Scotland,31/07/2009,265.3071
Scotland,31/10/2009,268.5296
Scotland,31/01/2010,267.8032
Scotland,30/04/2010,271.055
Scotland,31/07/2010,264.2394
Scotland,31/10/2010,262.6678
Scotland,31/01/2011,262.0047
Scotland,30/04/2011,262.2505
Scotland,31/07/2011,262.0471
Scotland,31/10/2011,260.4487
Scotland,31/01/2012,260.9825
Scotland,30/04/2012,256.4481
Scotland,31/07/2012,251.6875
Scotland,31/10/2012,251.6722
Scotland,31/01/2013,247.5465
Scotland,30/04/2013,254.0911
Scotland,31/07/2013,257.3165
Scotland,31/10/2013,260.8849
Scotland,31/01/2014,265.8621
Scotland,30/04/2014,268.7309
Scotland,31/07/2014,270.4936
Scotland,31/10/2014,271.733
Scotland,31/01/2015,269.0937
Scotland,30/04/2015,266.8635
Scotland,31/07/2015,266.5468
Scotland,31/10/2015,266.3553
Scotland,31/01/2016,268.5375
Scotland,30/04/2016,268.8027
Scotland,31/07/2016,271.6247
Scotland,31/10/2016,272.0738
Scotland,31/01/2017,276.5147
Scotland,30/04/2017,273.6353
Scotland,31/07/2017,276.58
Scotland,31/10/2017,278.9449
Scotland,31/01/2018,277.3387
Scotland,30/04/2018,282.1975
Scotland,31/07/2018,282.4156
Scotland,31/10/2018,281.1544
Scotland,31/01/2019,284.4812
Scotland,30/04/2019,283.1593
Scotland,31/07/2019,284.7589
Scotland,31/10/2019,288.8573
Scotland,31/01/2020,286.9657
Scotland,30/04/2020,294.257
South West,31/10/1973,17.8091
South West,31/01/1974,18.3994
South West,30/04/1974,18.6783
South West,31/07/1974,19.153
South West,31/10/1974,19.6467
South West,31/01/1975,19.9247
South West,30/04/1975,20.3456
South West,31/07/1975,20.4945
South West,31/10/1975,21.0118
South West,31/01/1976,21.2803
South West,30/04/1976,21.5387
South West,31/07/1976,21.9008
South West,31/10/1976,22.1268
South West,31/01/1977,22.5786
South West,30/04/1977,23.0296
South West,31/07/1977,23.2064
South West,31/10/1977,23.7033
South West,31/01/1978,24.9002
South West,30/04/1978,26.3273
South West,31/07/1978,28.5899
South West,31/10/1978,30.6062
South West,31/01/1979,32.4704
South West,30/04/1979,34.8447
South West,31/07/1979,37.3059
South West,31/10/1979,41.3075
South West,31/01/1980,42.2111
South West,30/04/1980,42.9181
South West,31/07/1980,43.5196
South West,31/10/1980,44.1822
South West,31/01/1981,44.5946
South West,30/04/1981,45.2821
South West,31/07/1981,44.899
South West,31/10/1981,44.4287
South West,31/01/1982,44.8972
South West,30/04/1982,45.7845
South West,31/07/1982,46.6006
South West,31/10/1982,47.6344
South West,31/01/1983,50.0588
South West,30/04/1983,52.0842
South West,31/07/1983,53.7197
South West,31/10/1983,55.6003
South West,31/01/1984,57.3891
South West,30/04/1984,58.3658
South West,31/07/1984,59.8933
South West,31/10/1984,63.1945
South West,31/01/1985,64.5827
South West,30/04/1985,65.6877
South West,31/07/1985,66.9535
South West,31/10/1985,69.021
South West,31/01/1986,71.1505
South West,30/04/1986,73.4373
South West,31/07/1986,75.6301
South West,31/10/1986,79.2954
South West,31/01/1987,82.9974
South West,30/04/1987,86.5873
South West,31/07/1987,89.2782
South West,31/10/1987,92.5409
South West,31/01/1988,99.7932
South West,30/04/1988,111.3901
South West,31/07/1988,126.6507
South West,31/10/1988,134.0548
South West,31/01/1989,134.183
South West,30/04/1989,135.2833
South West,31/07/1989,130.8851
South West,31/10/1989,126.922
South West,31/01/1990,123.4887
South West,30/04/1990,120.4429
South West,31/07/1990,118.4496
South West,31/10/1990,114.1763
South West,31/01/1991,112.6642
South West,30/04/1991,110.8122
South West,31/07/1991,110.3843
South West,31/10/1991,109.7718
South West,31/01/1992,105.8364
South West,30/04/1992,103.5344
South West,31/07/1992,102.3002
South West,31/10/1992,98.7996
South West,31/01/1993,101.1051
South West,30/04/1993,102.7325
South West,31/07/1993,100.8378
South West,31/10/1993,101.2589
South West,31/01/1994,103.9271
South West,30/04/1994,101.0377
South West,31/07/1994,102.3546
South West,31/10/1994,105.0009
South West,31/01/1995,105.1195
South West,30/04/1995,105.9845
South West,31/07/1995,104.4195
South West,31/10/1995,103.8028
South West,31/01/1996,105.7812
South West,30/04/1996,105.7425
South West,31/07/1996,109.1914
South West,31/10/1996,111.6609
South West,31/01/1997,112.8124
South West,30/04/1997,115.3593
South West,31/07/1997,117.8559
South West,31/10/1997,121.2242
South West,31/01/1998,123.6962
South West,30/04/1998,126.4089
South West,31/07/1998,130.0118
South West,31/10/1998,131.3217
South West,31/01/1999,133.2394
South West,30/04/1999,138.4473
South West,31/07/1999,142.6352
South West,31/10/1999,151.4357
South West,31/01/2000,160.3721
South West,30/04/2000,165.464
South West,31/07/2000,167.7805
South West,31/10/2000,165.9702
South West,31/01/2001,174.977
South West,30/04/2001,180.9309
South West,31/07/2001,187.6065
South West,31/10/2001,194.7588
South West,31/01/2002,205.806
South West,30/04/2002,219.8032
South West,31/07/2002,239.0328
South West,31/10/2002,254.692
South West,31/01/2003,262.7357
South West,30/04/2003,267.7611
South West,31/07/2003,273.6414
South West,31/10/2003,286.5009
South West,31/01/2004,297.8477
South West,30/04/2004,312.974
South West,31/07/2004,324.1922
South West,31/10/2004,323.484
South West,31/01/2005,322.667
South West,30/04/2005,327.9709
South West,31/07/2005,325.95
South West,31/10/2005,330.8882
South West,31/01/2006,337.8914
South West,30/04/2006,339.3866
South West,31/07/2006,344.3765
South West,31/10/2006,354.4883
South West,31/01/2007,366.2599
South West,30/04/2007,370.6983
South West,31/07/2007,376.6086
South West,31/10/2007,377.4693
South West,31/01/2008,367.7218
South West,30/04/2008,359.1567
South West,31/07/2008,333.0089
South West,31/10/2008,321.4021
South West,31/01/2009,313.6579
South West,30/04/2009,311.5448
South West,31/07/2009,327.2122
South West,31/10/2009,334.0635
South West,31/01/2010,341.9981
South West,30/04/2010,350.2486
South West,31/07/2010,347.7395
South West,31/10/2010,341.2062
South West,31/01/2011,340.8395
South West,30/04/2011,342.4782
South West,31/07/2011,345.0229
South West,31/10/2011,343.3976
South West,31/01/2012,342.1817
South West,30/04/2012,342.3629
South West,31/07/2012,342.142
South West,31/10/2012,343.8271
South West,31/01/2013,346.4061
South West,30/04/2013,347.3518
South West,31/07/2013,351.8442
South West,31/10/2013,363.3766
South West,31/01/2014,371.7293
South West,30/04/2014,381.7014
South West,31/07/2014,384.5489
South West,31/10/2014,392.4628
South West,31/01/2015,392.391
South West,30/04/2015,396.6517
South West,31/07/2015,404.2294
South West,31/10/2015,407.4356
South West,31/01/2016,414.7081
South West,30/04/2016,419.3292
South West,31/07/2016,422.7954
South West,31/10/2016,425.3911
South West,31/01/2017,436.9074
South West,30/04/2017,438.2433
South West,31/07/2017,442.8838
South West,31/10/2017,445.5273
South West,31/01/2018,449.3927
South West,30/04/2018,448.9697
South West,31/07/2018,451.4368
South West,31/10/2018,453.8905
South West,31/01/2019,451.9799
South West,30/04/2019,453.9232
South West,31/07/2019,453.8155
South West,31/10/2019,460.7294
South West,31/01/2020,459.022
South West,30/04/2020,464.41
UK,31/10/1973,19.5132
UK,31/01/1974,19.8425
UK,30/04/1974,19.983
UK,31/07/1974,20.1933
UK,31/10/1974,20.3963
UK,31/01/1975,20.7623
UK,30/04/1975,21.3837
UK,31/07/1975,21.8373
UK,31/10/1975,22.5541
UK,31/01/1976,23.0308
UK,30/04/1976,23.3988
UK,31/07/1976,23.8615
UK,31/10/1976,24.39
UK,31/01/1977,24.8202
UK,30/04/1977,25.2981
UK,31/07/1977,25.7828
UK,31/10/1977,26.268
UK,31/01/1978,27.6558
UK,30/04/1978,28.8827
UK,31/07/1978,31.6178
UK,31/10/1978,33.6216
UK,31/01/1979,35.6108
UK,30/04/1979,37.998
UK,31/07/1979,40.7036
UK,31/10/1979,43.9246
UK,31/01/1980,45.3986
UK,30/04/1980,46.4591
UK,31/07/1980,46.9646
UK,31/10/1980,47.0156
UK,31/01/1981,47.5074
UK,30/04/1981,47.9012
UK,31/07/1981,48.1052
UK,31/10/1981,47.6343
UK,31/01/1982,48.4053
UK,30/04/1982,49.0158
UK,31/07/1982,49.6793
UK,31/10/1982,51.2002
UK,31/01/1983,52.6881
UK,30/04/1983,54.3702
UK,31/07/1983,56.0782
UK,31/10/1983,57.2431
UK,31/01/1984,59.4965
UK,30/04/1984,61.2106
UK,31/07/1984,62.18
UK,31/10/1984,65.0068
UK,31/01/1985,66.6894
UK,30/04/1985,67.8505
UK,31/07/1985,68.9612
UK,31/10/1985,70.721
UK,31/01/1986,71.7575
UK,30/04/1986,73.4924
UK,31/07/1986,75.896
UK,31/10/1986,78.9878
UK,31/01/1987,82.4733
UK,30/04/1987,85.316
UK,31/07/1987,88.0148
UK,31/10/1987,88.5526
UK,31/01/1988,91.0825
UK,30/04/1988,97.0405
UK,31/07/1988,107.5088
UK,31/10/1988,114.444
UK,31/01/1989,120.3518
UK,30/04/1989,123.3207
UK,31/07/1989,124.0305
UK,31/10/1989,123.1984
UK,31/01/1990,120.4487
UK,30/04/1990,116.7104
UK,31/07/1990,113.0633
UK,31/10/1990,110.2018
UK,31/01/1991,110.2016
UK,30/04/1991,109.5812
UK,31/07/1991,108.4515
UK,31/10/1991,107.7426
UK,31/01/1992,105.3365
UK,30/04/1992,104.1001
UK,31/07/1992,103.2867
UK,31/10/1992,100.7512
UK,31/01/1993,101.1073
UK,30/04/1993,102.6851
UK,31/07/1993,102.3933
UK,31/10/1993,102.4083
UK,31/01/1994,103.4758
UK,30/04/1994,101.6638
UK,31/07/1994,102.4679
UK,31/10/1994,104.3868
UK,31/01/1995,102.931
UK,30/04/1995,102.3221
UK,31/07/1995,101.739
UK,31/10/1995,101.9026
UK,31/01/1996,103.4638
UK,30/04/1996,105.169
UK,31/07/1996,107.0667
UK,31/10/1996,110.3625
UK,31/01/1997,112.3512
UK,30/04/1997,115.8646
UK,31/07/1997,120.4095
UK,31/10/1997,123.7758
UK,31/01/1998,126.5675
UK,30/04/1998,129.3914
UK,31/07/1998,131.453
UK,31/10/1998,132.9069
UK,31/01/1999,135.7171
UK,30/04/1999,138.8813
UK,31/07/1999,143.2406
UK,31/10/1999,149.6988
UK,31/01/2000,156.2843
UK,30/04/2000,161.0693
UK,31/07/2000,160.1297
UK,31/10/2000,163.7482
UK,31/01/2001,169.0258
UK,30/04/2001,173.7792
UK,31/07/2001,180.0653
UK,31/10/2001,185.5947
UK,31/01/2002,192.1151
UK,30/04/2002,205.1468
UK,31/07/2002,219.1383
UK,31/10/2002,232.4757
UK,31/01/2003,241.8641
UK,30/04/2003,248.3568
UK,31/07/2003,256.631
UK,31/10/2003,268.4507
UK,31/01/2004,280.3764
UK,30/04/2004,293.9468
UK,31/07/2004,303.8451
UK,31/10/2004,305.5392
UK,31/01/2005,307.9783
UK,30/04/2005,311.8051
UK,31/07/2005,312.3754
UK,31/10/2005,315.2032
UK,31/01/2006,323.0355
UK,30/04/2006,326.833
UK,31/07/2006,334.045
UK,31/10/2006,344.2776
UK,31/01/2007,353.8541
UK,30/04/2007,360.1301
UK,31/07/2007,365.1418
UK,31/10/2007,367.7587
UK,31/01/2008,361.8783
UK,30/04/2008,345.6684
UK,31/07/2008,327.4632
UK,31/10/2008,313.3865
UK,31/01/2009,302.3601
UK,30/04/2009,305.0364
UK,31/07/2009,317.3397
UK,31/10/2009,323.9998
UK,31/01/2010,329.2519
UK,30/04/2010,333.8336
UK,31/07/2010,331.4992
UK,31/10/2010,325.8994
UK,31/01/2011,328.245
UK,30/04/2011,329.7322
UK,31/07/2011,330.1008
UK,31/10/2011,329.7102
UK,31/01/2012,328.7659
UK,30/04/2012,326.0429
UK,31/07/2012,324.9957
UK,31/10/2012,326.0676
UK,31/01/2013,329.122
UK,30/04/2013,330.7085
UK,31/07/2013,339.1295
UK,31/10/2013,349.1078
UK,31/01/2014,359.1771
UK,30/04/2014,369.0331
UK,31/07/2014,374.7351
UK,31/10/2014,378.186
UK,31/01/2015,379.8808
UK,30/04/2015,384.6583
UK,31/07/2015,388.4423
UK,31/10/2015,394.2742
UK,31/01/2016,399.6916
UK,30/04/2016,404.8088
UK,31/07/2016,409.4384
UK,31/10/2016,412.11
UK,31/01/2017,415.6273
UK,30/04/2017,416.5195
UK,31/07/2017,419.9634
UK,31/10/2017,423.1942
UK,31/01/2018,425.586
UK,30/04/2018,425.8944
UK,31/07/2018,428.7906
UK,31/10/2018,428.7619
UK,31/01/2019,427.1368
UK,30/04/2019,428.6353
UK,31/07/2019,430.253
UK,31/10/2019,432.2927
UK,31/01/2020,437.5197
UK,30/04/2020,436.9948
Wales,31/10/1973,18.4904
Wales,31/01/1974,19.0865
Wales,30/04/1974,19.4113
Wales,31/07/1974,19.7197
Wales,31/10/1974,20.1851
Wales,31/01/1975,20.3737
Wales,30/04/1975,20.9156
Wales,31/07/1975,21.2473
Wales,31/10/1975,21.9673
Wales,31/01/1976,22.7227
Wales,30/04/1976,23.2656
Wales,31/07/1976,23.5404
Wales,31/10/1976,24.0529
Wales,31/01/1977,24.4468
Wales,30/04/1977,24.7631
Wales,31/07/1977,25.3712
Wales,31/10/1977,25.5723
Wales,31/01/1978,26.8241
Wales,30/04/1978,27.7952
Wales,31/07/1978,30.4908
Wales,31/10/1978,32.093
Wales,31/01/1979,34.156
Wales,30/04/1979,36.9162
Wales,31/07/1979,39.4373
Wales,31/10/1979,42.4296
Wales,31/01/1980,43.0628
Wales,30/04/1980,44.3684
Wales,31/07/1980,44.0829
Wales,31/10/1980,44.7731
Wales,31/01/1981,45.3201
Wales,30/04/1981,44.5002
Wales,31/07/1981,44.8062
Wales,31/10/1981,44.194
Wales,31/01/1982,46.0154
Wales,30/04/1982,45.8245
Wales,31/07/1982,47.4883
Wales,31/10/1982,48.6979
Wales,31/01/1983,49.4743
Wales,30/04/1983,51.0763
Wales,31/07/1983,51.8845
Wales,31/10/1983,52.636
Wales,31/01/1984,54.6386
Wales,30/04/1984,56.4647
Wales,31/07/1984,57.6139
Wales,31/10/1984,58.5299
Wales,31/01/1985,59.6318
Wales,30/04/1985,60.5535
Wales,31/07/1985,60.7866
Wales,31/10/1985,62.5446
Wales,31/01/1986,62.7646
Wales,30/04/1986,63.1971
Wales,31/07/1986,64.5054
Wales,31/10/1986,66.4945
Wales,31/01/1987,67.1284
Wales,30/04/1987,68.9476
Wales,31/07/1987,69.4786
Wales,31/10/1987,67.4049
Wales,31/01/1988,70.212
Wales,30/04/1988,72.9735
Wales,31/07/1988,83.2125
Wales,31/10/1988,96.1552
Wales,31/01/1989,104.8562
Wales,30/04/1989,110.8481
Wales,31/07/1989,112.0886
Wales,31/10/1989,111.9498
Wales,31/01/1990,112.4615
Wales,30/04/1990,108.3854
Wales,31/07/1990,103.4964
Wales,31/10/1990,100.1636
Wales,31/01/1991,100.9001
Wales,30/04/1991,102.9046
Wales,31/07/1991,103.4737
Wales,31/10/1991,103.4828
Wales,31/01/1992,100.6828
Wales,30/04/1992,101.4264
Wales,31/07/1992,103.2517
Wales,31/10/1992,100.6505
Wales,31/01/1993,100.7506
Wales,30/04/1993,100.3039
Wales,31/07/1993,97.7951
Wales,31/10/1993,97.9978
Wales,31/01/1994,100.754
Wales,30/04/1994,95.8659
Wales,31/07/1994,96.8754
Wales,31/10/1994,98.8599
Wales,31/01/1995,94.9686
Wales,30/04/1995,100.3094
Wales,31/07/1995,95.7412
Wales,31/10/1995,97.8732
Wales,31/01/1996,94.3896
Wales,30/04/1996,97.3581
Wales,31/07/1996,100.4487
Wales,31/10/1996,99.0354
Wales,31/01/1997,102.5367
Wales,30/04/1997,104.0739
Wales,31/07/1997,105.2539
Wales,31/10/1997,105.8211
Wales,31/01/1998,106.8021
Wales,30/04/1998,106.5125
Wales,31/07/1998,110.9905
Wales,31/10/1998,110.4875
Wales,31/01/1999,112.5217
Wales,30/04/1999,114.0633
Wales,31/07/1999,114.3967
Wales,31/10/1999,120.0075
Wales,31/01/2000,123.2051
Wales,30/04/2000,124.3923
Wales,31/07/2000,124.9819
Wales,31/10/2000,126.55
Wales,31/01/2001,131.4158
Wales,30/04/2001,134.1127
Wales,31/07/2001,136.9457
Wales,31/10/2001,141.5918
Wales,31/01/2002,145.1913
Wales,30/04/2002,155.3186
Wales,31/07/2002,165.8358
Wales,31/10/2002,180.6381
Wales,31/01/2003,181.6668
Wales,30/04/2003,198.0719
Wales,31/07/2003,208.7676
Wales,31/10/2003,227.8599
Wales,31/01/2004,247.8214
Wales,30/04/2004,263.4987
Wales,31/07/2004,278.8248
Wales,31/10/2004,283.3379
Wales,31/01/2005,284.0385
Wales,30/04/2005,283.4017
Wales,31/07/2005,286.9653
Wales,31/10/2005,282.8578
Wales,31/01/2006,292.7234
Wales,30/04/2006,297.0693
Wales,31/07/2006,300.1025
Wales,31/10/2006,307.798
Wales,31/01/2007,310.9188
Wales,30/04/2007,319.0001
Wales,31/07/2007,316.0679
Wales,31/10/2007,320.8736
Wales,31/01/2008,314.8863
Wales,30/04/2008,294.1191
Wales,31/07/2008,286.7784
Wales,31/10/2008,282.0917
Wales,31/01/2009,258.4055
Wales,30/04/2009,275.5826
Wales,31/07/2009,276.0872
Wales,31/10/2009,281.4631
Wales,31/01/2010,286.7657
Wales,30/04/2010,287.9096
Wales,31/07/2010,283.6491
Wales,31/10/2010,276.3675
Wales,31/01/2011,279.9986
Wales,30/04/2011,284.7712
Wales,31/07/2011,283.9026
Wales,31/10/2011,280.6323
Wales,31/01/2012,272.4565
Wales,30/04/2012,269.1816
Wales,31/07/2012,270.735
Wales,31/10/2012,272.8492
Wales,31/01/2013,279.6212
Wales,30/04/2013,272.3955
Wales,31/07/2013,280.5323
Wales,31/10/2013,289.4317
Wales,31/01/2014,294.3126
Wales,30/04/2014,297.7406
Wales,31/07/2014,294.7948
Wales,31/10/2014,293.2774
Wales,31/01/2015,292.5081
Wales,30/04/2015,295.672
Wales,31/07/2015,300.6257
Wales,31/10/2015,295.2929
Wales,31/01/2016,297.0361
Wales,30/04/2016,298.4664
Wales,31/07/2016,299.5095
Wales,31/10/2016,302.4805
Wales,31/01/2017,299.9045
Wales,30/04/2017,302.9074
Wales,31/07/2017,307.7896
Wales,31/10/2017,312.435
Wales,31/01/2018,317.4944
Wales,30/04/2018,315.2429
Wales,31/07/2018,318.4106
Wales,31/10/2018,324.9136
Wales,31/01/2019,319.4871
Wales,30/04/2019,328.6064
Wales,31/07/2019,328.0986
Wales,31/10/2019,329.8964
Wales,31/01/2020,339.5058
Wales,30/04/2020,332.0676
West Midlands,31/10/1973,18.1118
West Midlands,31/01/1974,18.5837
West Midlands,30/04/1974,18.6887
West Midlands,31/07/1974,18.6611
West Midlands,31/10/1974,18.9701
West Midlands,31/01/1975,19.453
West Midlands,30/04/1975,19.8966
West Midlands,31/07/1975,20.0777
West Midlands,31/10/1975,20.8811
West Midlands,31/01/1976,19.1962
West Midlands,30/04/1976,21.4455
West Midlands,31/07/1976,21.5156
West Midlands,31/10/1976,22.2621
West Midlands,31/01/1977,22.6133
West Midlands,30/04/1977,23.32
West Midlands,31/07/1977,23.5843
West Midlands,31/10/1977,23.9086
West Midlands,31/01/1978,25.3188
West Midlands,30/04/1978,26.0943
West Midlands,31/07/1978,28.534
West Midlands,31/10/1978,30.7527
West Midlands,31/01/1979,32.2406
West Midlands,30/04/1979,33.7793
West Midlands,31/07/1979,36.2929
West Midlands,31/10/1979,39.0896
West Midlands,31/01/1980,40.3621
West Midlands,30/04/1980,41.5465
West Midlands,31/07/1980,41.5191
West Midlands,31/10/1980,41.4083
West Midlands,31/01/1981,41.988
West Midlands,30/04/1981,42.6184
West Midlands,31/07/1981,42.3075
West Midlands,31/10/1981,41.6011
West Midlands,31/01/1982,41.3982
West Midlands,30/04/1982,42.1355
West Midlands,31/07/1982,42.3905
West Midlands,31/10/1982,43.6687
West Midlands,31/01/1983,45.3989
West Midlands,30/04/1983,45.948
West Midlands,31/07/1983,47.2062
West Midlands,31/10/1983,48.0003
West Midlands,31/01/1984,49.5887
West Midlands,30/04/1984,50.8838
West Midlands,31/07/1984,51.1784
West Midlands,31/10/1984,53.8417
West Midlands,31/01/1985,55.4529
West Midlands,30/04/1985,55.68
West Midlands,31/07/1985,56.3276
West Midlands,31/10/1985,57.134
West Midlands,31/01/1986,57.1867
West Midlands,30/04/1986,57.9714
West Midlands,31/07/1986,58.5774
West Midlands,31/10/1986,61.3
West Midlands,31/01/1987,64.3417
West Midlands,30/04/1987,67.1717
West Midlands,31/07/1987,69.521
West Midlands,31/10/1987,70.8288
West Midlands,31/01/1988,74.6082
West Midlands,30/04/1988,83.541
West Midlands,31/07/1988,97.6822
West Midlands,31/10/1988,105.496
West Midlands,31/01/1989,110.7638
West Midlands,30/04/1989,112.8279
West Midlands,31/07/1989,116.0083
West Midlands,31/10/1989,115.9806
West Midlands,31/01/1990,117.5921
West Midlands,30/04/1990,114.5469
West Midlands,31/07/1990,110.7543
West Midlands,31/10/1990,110.971
West Midlands,31/01/1991,109.6305
West Midlands,30/04/1991,111.2612
West Midlands,31/07/1991,110.3668
West Midlands,31/10/1991,108.979
West Midlands,31/01/1992,108.9375
West Midlands,30/04/1992,107.3874
West Midlands,31/07/1992,105.157
West Midlands,31/10/1992,102.0976
West Midlands,31/01/1993,101.6033
West Midlands,30/04/1993,104.2511
West Midlands,31/07/1993,101.5381
West Midlands,31/10/1993,101.921
West Midlands,31/01/1994,99.6263
West Midlands,30/04/1994,99.0797
West Midlands,31/07/1994,100.2265
West Midlands,31/10/1994,101.2157
West Midlands,31/01/1995,102.2253
West Midlands,30/04/1995,102.2002
West Midlands,31/07/1995,101.3349
West Midlands,31/10/1995,101.7709
West Midlands,31/01/1996,104.5061
West Midlands,30/04/1996,102.4065
West Midlands,31/07/1996,107.0801
West Midlands,31/10/1996,109.7258
West Midlands,31/01/1997,111.2843
West Midlands,30/04/1997,113.9447
West Midlands,31/07/1997,115.6083
West Midlands,31/10/1997,117.1756
West Midlands,31/01/1998,119.8542
West Midlands,30/04/1998,119.3723
West Midlands,31/07/1998,121.3327
West Midlands,31/10/1998,123.5203
West Midlands,31/01/1999,125.1242
West Midlands,30/04/1999,127.8553
West Midlands,31/07/1999,130.4663
West Midlands,31/10/1999,134.433
West Midlands,31/01/2000,137.7397
West Midlands,30/04/2000,142.7425
West Midlands,31/07/2000,145.7266
West Midlands,31/10/2000,146.9657
West Midlands,31/01/2001,152.6899
West Midlands,30/04/2001,156.5498
West Midlands,31/07/2001,161.5386
West Midlands,31/10/2001,165.7422
West Midlands,31/01/2002,174.9449
West Midlands,30/04/2002,184.7126
West Midlands,31/07/2002,198.2797
West Midlands,31/10/2002,215.8099
West Midlands,31/01/2003,226.1544
West Midlands,30/04/2003,229.0765
West Midlands,31/07/2003,240.6662
West Midlands,31/10/2003,252.4667
West Midlands,31/01/2004,260.2262
West Midlands,30/04/2004,275.3425
West Midlands,31/07/2004,285.9708
West Midlands,31/10/2004,285.8385
West Midlands,31/01/2005,288.9721
West Midlands,30/04/2005,291.7239
West Midlands,31/07/2005,289.6159
West Midlands,31/10/2005,288.2569
West Midlands,31/01/2006,295.8575
West Midlands,30/04/2006,296.8945
West Midlands,31/07/2006,299.6223
West Midlands,31/10/2006,304.7723
West Midlands,31/01/2007,310.2085
West Midlands,30/04/2007,314.4586
West Midlands,31/07/2007,313.3972
West Midlands,31/10/2007,317.8904
West Midlands,31/01/2008,311.1324
West Midlands,30/04/2008,298.4176
West Midlands,31/07/2008,284.8931
West Midlands,31/10/2008,272.9061
West Midlands,31/01/2009,264.0095
West Midlands,30/04/2009,264.0958
West Midlands,31/07/2009,271.4223
West Midlands,31/10/2009,278.3406
West Midlands,31/01/2010,281.8117
West Midlands,30/04/2010,286.9656
West Midlands,31/07/2010,284.3688
West Midlands,31/10/2010,279.9535
West Midlands,31/01/2011,280.1737
West Midlands,30/04/2011,278.9585
West Midlands,31/07/2011,280.3109
West Midlands,31/10/2011,280.7829
West Midlands,31/01/2012,279.8873
West Midlands,30/04/2012,280.6708
West Midlands,31/07/2012,278.1966
West Midlands,31/10/2012,278.5359
West Midlands,31/01/2013,281.2499
West Midlands,30/04/2013,282.674
West Midlands,31/07/2013,287.3255
West Midlands,31/10/2013,295.9019
West Midlands,31/01/2014,300.145
West Midlands,30/04/2014,305.7865
West Midlands,31/07/2014,312.2514
West Midlands,31/10/2014,316.1773
West Midlands,31/01/2015,314.0653
West Midlands,30/04/2015,316.1526
West Midlands,31/07/2015,318.2126
West Midlands,31/10/2015,321.5392
West Midlands,31/01/2016,326.4961
West Midlands,30/04/2016,332.32
West Midlands,31/07/2016,332.9817
West Midlands,31/10/2016,335.0538
West Midlands,31/01/2017,340.7151
West Midlands,30/04/2017,344.3495
West Midlands,31/07/2017,348.4708
West Midlands,31/10/2017,352.9473
West Midlands,31/01/2018,356.7654
West Midlands,30/04/2018,359.2741
West Midlands,31/07/2018,363.0897
West Midlands,31/10/2018,363.3427
West Midlands,31/01/2019,365.0875
West Midlands,30/04/2019,368.8762
West Midlands,31/07/2019,370.7163
West Midlands,31/10/2019,373.0466
West Midlands,31/01/2020,374.1329
West Midlands,30/04/2020,371.138
Yorkshire & Humberside,31/10/1973,19.3678
Yorkshire & Humberside,31/01/1974,19.6941
Yorkshire & Humberside,30/04/1974,20.0129
Yorkshire & Humberside,31/07/1974,20.4178
Yorkshire & Humberside,31/10/1974,20.5497
Yorkshire & Humberside,31/01/1975,21.0688
Yorkshire & Humberside,30/04/1975,22.1352
Yorkshire & Humberside,31/07/1975,22.5609
Yorkshire & Humberside,31/10/1975,23.3239
Yorkshire & Humberside,31/01/1976,23.9978
Yorkshire & Humberside,30/04/1976,24.4723
Yorkshire & Humberside,31/07/1976,25.0286
Yorkshire & Humberside,31/10/1976,25.6844
Yorkshire & Humberside,31/01/1977,26.196
Yorkshire & Humberside,30/04/1977,26.7341
Yorkshire & Humberside,31/07/1977,26.9744
Yorkshire & Humberside,31/10/1977,28.2204
Yorkshire & Humberside,31/01/1978,29.3367
Yorkshire & Humberside,30/04/1978,30.4752
Yorkshire & Humberside,31/07/1978,32.1253
Yorkshire & Humberside,31/10/1978,33.4749
Yorkshire & Humberside,31/01/1979,35.0131
Yorkshire & Humberside,30/04/1979,36.8749
Yorkshire & Humberside,31/07/1979,39.9907
Yorkshire & Humberside,31/10/1979,42.7312
Yorkshire & Humberside,31/01/1980,44.1617
Yorkshire & Humberside,30/04/1980,46.4174
Yorkshire & Humberside,31/07/1980,47.3998
Yorkshire & Humberside,31/10/1980,47.5438
Yorkshire & Humberside,31/01/1981,48.5092
Yorkshire & Humberside,30/04/1981,48.817
Yorkshire & Humberside,31/07/1981,48.9674
Yorkshire & Humberside,31/10/1981,48.3657
Yorkshire & Humberside,31/01/1982,49.4732
Yorkshire & Humberside,30/04/1982,49.4655
Yorkshire & Humberside,31/07/1982,49.5047
Yorkshire & Humberside,31/10/1982,51.4132
Yorkshire & Humberside,31/01/1983,52.7765
Yorkshire & Humberside,30/04/1983,54.3172
Yorkshire & Humberside,31/07/1983,55.8074
Yorkshire & Humberside,31/10/1983,56.39
Yorkshire & Humberside,31/01/1984,58.1011
Yorkshire & Humberside,30/04/1984,59.6001
Yorkshire & Humberside,31/07/1984,60.2281
Yorkshire & Humberside,31/10/1984,64.3268
Yorkshire & Humberside,31/01/1985,65.1088
Yorkshire & Humberside,30/04/1985,66.4602
Yorkshire & Humberside,31/07/1985,66.9085
Yorkshire & Humberside,31/10/1985,68.6785
Yorkshire & Humberside,31/01/1986,68.4224
Yorkshire & Humberside,30/04/1986,69.2053
Yorkshire & Humberside,31/07/1986,70.3532
Yorkshire & Humberside,31/10/1986,71.542
Yorkshire & Humberside,31/01/1987,75.3023
Yorkshire & Humberside,30/04/1987,77.22
Yorkshire & Humberside,31/07/1987,77.2832
Yorkshire & Humberside,31/10/1987,76.5891
Yorkshire & Humberside,31/01/1988,76.4449
Yorkshire & Humberside,30/04/1988,81.8351
Yorkshire & Humberside,31/07/1988,91.6684
Yorkshire & Humberside,31/10/1988,105.7043
Yorkshire & Humberside,31/01/1989,116.5925
Yorkshire & Humberside,30/04/1989,123.2083
Yorkshire & Humberside,31/07/1989,131.024
Yorkshire & Humberside,31/10/1989,130.4488
Yorkshire & Humberside,31/01/1990,124.8117
Yorkshire & Humberside,30/04/1990,118.9084
Yorkshire & Humberside,31/07/1990,109.5397
Yorkshire & Humberside,31/10/1990,104.1254
Yorkshire & Humberside,31/01/1991,106.1452
Yorkshire & Humberside,30/04/1991,106.5099
Yorkshire & Humberside,31/07/1991,107.2503
Yorkshire & Humberside,31/10/1991,106.7916
Yorkshire & Humberside,31/01/1992,110.1012
Yorkshire & Humberside,30/04/1992,105.172
Yorkshire & Humberside,31/07/1992,105.6495
Yorkshire & Humberside,31/10/1992,102.3769
Yorkshire & Humberside,31/01/1993,101.3747
Yorkshire & Humberside,30/04/1993,104.2347
Yorkshire & Humberside,31/07/1993,104.4062
Yorkshire & Humberside,31/10/1993,107.3751
Yorkshire & Humberside,31/01/1994,104.1413
Yorkshire & Humberside,30/04/1994,102.6963
Yorkshire & Humberside,31/07/1994,99.4781
Yorkshire & Humberside,31/10/1994,98.2438
Yorkshire & Humberside,31/01/1995,98.7936
Yorkshire & Humberside,30/04/1995,97.8033
Yorkshire & Humberside,31/07/1995,98.458
Yorkshire & Humberside,31/10/1995,97.5089
Yorkshire & Humberside,31/01/1996,96.2026
Yorkshire & Humberside,30/04/1996,98.335
Yorkshire & Humberside,31/07/1996,99.9348
Yorkshire & Humberside,31/10/1996,104.2457
Yorkshire & Humberside,31/01/1997,102.3305
Yorkshire & Humberside,30/04/1997,104.8957
Yorkshire & Humberside,31/07/1997,107.7992
Yorkshire & Humberside,31/10/1997,108.9287
Yorkshire & Humberside,31/01/1998,111.0277
Yorkshire & Humberside,30/04/1998,109.3842
Yorkshire & Humberside,31/07/1998,109.4994
Yorkshire & Humberside,31/10/1998,108.0356
Yorkshire & Humberside,31/01/1999,111.9759
Yorkshire & Humberside,30/04/1999,113.0629
Yorkshire & Humberside,31/07/1999,115.3213
Yorkshire & Humberside,31/10/1999,118.6265
Yorkshire & Humberside,31/01/2000,118.3119
Yorkshire & Humberside,30/04/2000,122.4756
Yorkshire & Humberside,31/07/2000,119.7879
Yorkshire & Humberside,31/10/2000,124.8853
Yorkshire & Humberside,31/01/2001,128.8813
Yorkshire & Humberside,30/04/2001,130.7415
Yorkshire & Humberside,31/07/2001,133.6683
Yorkshire & Humberside,31/10/2001,138.1206
Yorkshire & Humberside,31/01/2002,144.4406
Yorkshire & Humberside,30/04/2002,154.0659
Yorkshire & Humberside,31/07/2002,167.2615
Yorkshire & Humberside,31/10/2002,186.8962
Yorkshire & Humberside,31/01/2003,187.3312
Yorkshire & Humberside,30/04/2003,202.6697
Yorkshire & Humberside,31/07/2003,215.0092
Yorkshire & Humberside,31/10/2003,226.8402
Yorkshire & Humberside,31/01/2004,240.4863
Yorkshire & Humberside,30/04/2004,260.0777
Yorkshire & Humberside,31/07/2004,270.4779
Yorkshire & Humberside,31/10/2004,272.9758
Yorkshire & Humberside,31/01/2005,277.5305
Yorkshire & Humberside,30/04/2005,281.9358
Yorkshire & Humberside,31/07/2005,282.6851
Yorkshire & Humberside,31/10/2005,287.3233
Yorkshire & Humberside,31/01/2006,293.1663
Yorkshire & Humberside,30/04/2006,295.5158
Yorkshire & Humberside,31/07/2006,300.8911
Yorkshire & Humberside,31/10/2006,307.9701
Yorkshire & Humberside,31/01/2007,311.8664
Yorkshire & Humberside,30/04/2007,313.8759
Yorkshire & Humberside,31/07/2007,316.7883
Yorkshire & Humberside,31/10/2007,315.6639
Yorkshire & Humberside,31/01/2008,312.5842
Yorkshire & Humberside,30/04/2008,295.4534
Yorkshire & Humberside,31/07/2008,284.7634
Yorkshire & Humberside,31/10/2008,272.6267
Yorkshire & Humberside,31/01/2009,262.6815
Yorkshire & Humberside,30/04/2009,266.1543
Yorkshire & Humberside,31/07/2009,272.2869
Yorkshire & Humberside,31/10/2009,280.3147
Yorkshire & Humberside,31/01/2010,280.9762
Yorkshire & Humberside,30/04/2010,285.0335
Yorkshire & Humberside,31/07/2010,276.7856
Yorkshire & Humberside,31/10/2010,270.3542
Yorkshire & Humberside,31/01/2011,278.4326
Yorkshire & Humberside,30/04/2011,279.3279
Yorkshire & Humberside,31/07/2011,277.3551
Yorkshire & Humberside,31/10/2011,275.0139
Yorkshire & Humberside,31/01/2012,272.4657
Yorkshire & Humberside,30/04/2012,271.7396
Yorkshire & Humberside,31/07/2012,271.631
Yorkshire & Humberside,31/10/2012,268.1265
Yorkshire & Humberside,31/01/2013,270.9788
Yorkshire & Humberside,30/04/2013,269.8578
Yorkshire & Humberside,31/07/2013,277.3667
Yorkshire & Humberside,31/10/2013,287.9903
Yorkshire & Humberside,31/01/2014,288.0629
Yorkshire & Humberside,30/04/2014,288.8782
Yorkshire & Humberside,31/07/2014,292.7697
Yorkshire & Humberside,31/10/2014,292.3166
Yorkshire & Humberside,31/01/2015,291.9499
Yorkshire & Humberside,30/04/2015,298.2988
Yorkshire & Humberside,31/07/2015,293.7078
Yorkshire & Humberside,31/10/2015,293.651
Yorkshire & Humberside,31/01/2016,297.4074
Yorkshire & Humberside,30/04/2016,300.4047
Yorkshire & Humberside,31/07/2016,304.4908
Yorkshire & Humberside,31/10/2016,305.6059
Yorkshire & Humberside,31/01/2017,304.3703
Yorkshire & Humberside,30/04/2017,307.1571
Yorkshire & Humberside,31/07/2017,306.1651
Yorkshire & Humberside,31/10/2017,311.1982
Yorkshire & Humberside,31/01/2018,316.3561
Yorkshire & Humberside,30/04/2018,313.5335
Yorkshire & Humberside,31/07/2018,324.4024
Yorkshire & Humberside,31/10/2018,322.9039
Yorkshire & Humberside,31/01/2019,322.211
Yorkshire & Humberside,30/04/2019,323.3901
Yorkshire & Humberside,31/07/2019,324.9783
Yorkshire & Humberside,31/10/2019,328.1241
Yorkshire & Humberside,31/01/2020,335.7849
Yorkshire & Humberside,30/04/2020,329.8091
