Updated from ONS Data,
PostCodeDistrict,Nationwide
AB1,Scotland
AB10,Scotland
AB11,Scotland
AB12,Scotland
AB13,Scotland
AB14,Scotland
AB15,Scotland
AB16,Scotland
AB2,Scotland
AB21,Scotland
AB22,Scotland
AB23,Scotland
AB24,Scotland
AB25,Scotland
AB3,Scotland
AB30,Scotland
AB31,Scotland
AB32,Scotland
AB33,Scotland
AB34,Scotland
AB35,Scotland
AB36,Scotland
AB37,Scotland
AB38,Scotland
AB39,Scotland
AB4,Scotland
AB41,Scotland
AB42,Scotland
AB43,Scotland
AB44,Scotland
AB45,Scotland
AB5,Scotland
AB51,Scotland
AB52,Scotland
AB53,Scotland
AB54,Scotland
AB55,Scotland
AB56,Scotland
AB9,Scotland
AB99,Scotland
AL1,Outer Metropolitan
AL10,Outer Metropolitan
AL2,Outer Metropolitan
AL3,Outer Metropolitan
AL4,Outer Metropolitan
AL5,Outer Metropolitan
AL6,Outer Metropolitan
AL7,Outer Metropolitan
AL8,Outer Metropolitan
AL9,Outer Metropolitan
B1,West Midlands
B10,West Midlands
B11,West Midlands
B12,West Midlands
B13,West Midlands
B14,West Midlands
B15,West Midlands
B16,West Midlands
B17,West Midlands
B18,West Midlands
B19,West Midlands
B2,West Midlands
B20,West Midlands
B21,West Midlands
B22,West Midlands
B23,West Midlands
B24,West Midlands
B25,West Midlands
B26,West Midlands
B27,West Midlands
B28,West Midlands
B29,West Midlands
B3,West Midlands
B30,West Midlands
B31,West Midlands
B32,West Midlands
B33,West Midlands
B34,West Midlands
B35,West Midlands
B36,West Midlands
B37,West Midlands
B38,West Midlands
B4,West Midlands
B40,West Midlands
B42,West Midlands
B43,West Midlands
B44,West Midlands
B45,West Midlands
B46,West Midlands
B47,West Midlands
B48,West Midlands
B49,West Midlands
B5,West Midlands
B50,West Midlands
B6,West Midlands
B60,West Midlands
B61,West Midlands
B62,West Midlands
B63,West Midlands
B64,West Midlands
B65,West Midlands
B66,West Midlands
B67,West Midlands
B68,West Midlands
B69,West Midlands
B7,West Midlands
B70,West Midlands
B71,West Midlands
B72,West Midlands
B52,West Midlands
B73,West Midlands
B74,West Midlands
B75,West Midlands
B76,West Midlands
B77,West Midlands
B78,West Midlands
B79,West Midlands
B8,West Midlands
B80,West Midlands
B9,West Midlands
B90,West Midlands
B91,West Midlands
B92,West Midlands
B93,West Midlands
B94,West Midlands
B95,West Midlands
B96,West Midlands
B97,West Midlands
B98,West Midlands
B99,West Midlands
B51,West Midlands
BA1,South West
BA10,South West
BA11,South West
BA12,South West
BA13,South West
BA14,South West
BA15,South West
BA16,South West
BA2,South West
BA20,South West
BA21,South West
BA22,South West
BA3,South West
BA4,South West
BA5,South West
BA6,South West
BA7,South West
BA8,South West
BA9,South West
BB0,North West
BB1,North West
BB10,North West
BB11,North West
BB12,North West
BB18,North West
BB2,North West
BB3,North West
BB4,North West
BB5,North West
BB6,North West
BB7,North West
BB8,North West
BB9,North West
BB94,North West
BD1,Yorkshire & Humberside
BD10,Yorkshire & Humberside
BD11,Yorkshire & Humberside
BD12,Yorkshire & Humberside
BD13,Yorkshire & Humberside
BD14,Yorkshire & Humberside
BD15,Yorkshire & Humberside
BD16,Yorkshire & Humberside
BD17,Yorkshire & Humberside
BD18,Yorkshire & Humberside
BD19,Yorkshire & Humberside
BD2,Yorkshire & Humberside
BD20,Yorkshire & Humberside
BD21,Yorkshire & Humberside
BD22,Yorkshire & Humberside
BD23,Yorkshire & Humberside
BD24,Yorkshire & Humberside
BD3,Yorkshire & Humberside
BD4,Yorkshire & Humberside
BD5,Yorkshire & Humberside
BD6,Yorkshire & Humberside
BD7,Yorkshire & Humberside
BD8,Yorkshire & Humberside
BD9,Yorkshire & Humberside
BD97,Yorkshire & Humberside
BD98,Yorkshire & Humberside
BD99,Yorkshire & Humberside
BH1,South West
BH10,South West
BH11,South West
BH12,South West
BH13,South West
BH14,South West
BH15,South West
BH16,South West
BH17,South West
BH18,South West
BH19,South West
BH2,South West
BH20,South West
BH21,South West
BH22,South West
BH23,South West
BH24,Outer South East
BH25,Outer South East
BH3,South West
BH31,South West
BH4,South West
BH5,South West
BH6,South West
BH7,South West
BH8,South West
BH9,South West
BL0,North West
BL89,North West
BL1,North West
BL11,North West
BL2,North West
BL3,North West
BL4,North West
BL5,North West
BL6,North West
BL7,North West
BL78,North West
BL8,North West
BL9,North West
BN1,Outer South East
BN10,Outer South East
BN11,Outer South East
BN12,Outer South East
BN13,Outer South East
BN14,Outer South East
BN15,Outer South East
BN16,Outer South East
BN17,Outer South East
BN18,Outer South East
BN2,Outer South East
BN20,Outer South East
BN21,Outer South East
BN22,Outer South East
BN23,Outer South East
BN24,Outer South East
BN25,Outer South East
BN26,Outer South East
BN27,Outer South East
BN3,Outer South East
BN4,Outer South East
BN41,Outer South East
BN42,Outer South East
BN43,Outer South East
BN44,Outer Metropolitan
BN45,Outer Metropolitan
BN5,Outer Metropolitan
BN50,Outer South East
BN51,Outer South East
BN52,Outer South East
BN6,Outer Metropolitan
BN7,Outer South East
BN8,Outer South East
BN88,Outer South East
BN9,Outer South East
BN91,Outer South East
BN99,Outer South East
BR1,Greater London
BR21,Greater London
BR2,Greater London
BR3,Greater London
BR4,Greater London
BR5,Greater London
BR6,Greater London
BR7,Greater London
BR8,Greater London
BR98,Greater London
BS0,South West
BS1,South West
BS10,South West
BS11,South West
BS12,South West
BS13,South West
BS14,South West
BS15,South West
BS16,South West
BS17,South West
BS18,South West
BS19,South West
BS2,South West
BS20,South West
BS21,South West
BS22,South West
BS23,South West
BS24,South West
BS25,South West
BS26,South West
BS27,South West
BS28,South West
BS29,South West
BS3,South West
BS30,South West
BS31,South West
BS32,South West
BS34,South West
BS35,South West
BS36,South West
BS37,South West
BS38,South West
BS39,South West
BS4,South West
BS40,South West
BS41,South West
BS48,South West
BS49,South West
BS5,South West
BS6,South West
BS7,South West
BS77,South West
BS8,South West
BS80,South West
BS9,South West
BS98,South West
BS99,South West
BT1,Northern Ireland
BT10,Northern Ireland
BT11,Northern Ireland
BT12,Northern Ireland
BT13,Northern Ireland
BT14,Northern Ireland
BT15,Northern Ireland
BT16,Northern Ireland
BT17,Northern Ireland
BT18,Northern Ireland
BT19,Northern Ireland
BT2,Northern Ireland
BT20,Northern Ireland
BT21,Northern Ireland
BT22,Northern Ireland
BT23,Northern Ireland
BT24,Northern Ireland
BT25,Northern Ireland
BT26,Northern Ireland
BT27,Northern Ireland
BT28,Northern Ireland
BT29,Northern Ireland
BT3,Northern Ireland
BT30,Northern Ireland
BT31,Northern Ireland
BT32,Northern Ireland
BT33,Northern Ireland
BT34,Northern Ireland
BT35,Northern Ireland
BT36,Northern Ireland
BT37,Northern Ireland
BT38,Northern Ireland
BT39,Northern Ireland
BT4,Northern Ireland
BT40,Northern Ireland
BT41,Northern Ireland
BT42,Northern Ireland
BT43,Northern Ireland
BT44,Northern Ireland
BT45,Northern Ireland
BT46,Northern Ireland
BT47,Northern Ireland
BT48,Northern Ireland
BT49,Northern Ireland
BT5,Northern Ireland
BT51,Northern Ireland
BT52,Northern Ireland
BT53,Northern Ireland
BT54,Northern Ireland
BT55,Northern Ireland
BT56,Northern Ireland
BT57,Northern Ireland
BT58,Northern Ireland
BT6,Northern Ireland
BT60,Northern Ireland
BT61,Northern Ireland
BT62,Northern Ireland
BT63,Northern Ireland
BT64,Northern Ireland
BT65,Northern Ireland
BT66,Northern Ireland
BT67,Northern Ireland
BT68,Northern Ireland
BT69,Northern Ireland
BT7,Northern Ireland
BT70,Northern Ireland
BT71,Northern Ireland
BT74,Northern Ireland
BT75,Northern Ireland
BT76,Northern Ireland
BT77,Northern Ireland
BT78,Northern Ireland
BT79,Northern Ireland
BT8,Northern Ireland
BT80,Northern Ireland
BT81,Northern Ireland
BT82,Northern Ireland
BT9,Northern Ireland
BT92,Northern Ireland
BT93,Northern Ireland
BT94,Northern Ireland
BT99,Northern Ireland
CA1,North
CA10,North
CA11,North
CA12,North
CA13,North
CA14,North
CA15,North
CA16,North
CA17,North
CA18,North
CA19,North
CA2,North
CA20,North
CA21,North
CA22,North
CA23,North
CA24,North
CA25,North
CA26,North
CA27,North
CA28,North
CA3,North
CA4,North
CA5,North
CA6,North
CA7,North
CA8,North
CA9,North
CA95,North
CA99,North
CB1,East Anglia
CB10,Outer South East
CB11,Outer South East
CB2,East Anglia
CB21,East Anglia
CB22,East Anglia
CB23,East Anglia
CB24,East Anglia
CB25,East Anglia
CB3,East Anglia
CB4,East Anglia
CB5,East Anglia
CB6,East Anglia
CB7,East Anglia
CB8,East Anglia
CB9,East Anglia
CF1,Wales
CF10,Wales
CF11,Wales
CF14,Wales
CF15,Wales
CF2,Wales
CF21,Wales
CF23,Wales
CF24,Wales
CF3,Wales
CF30,Wales
CF31,Wales
CF32,Wales
CF33,Wales
CF34,Wales
CF35,Wales
CF36,Wales
CF37,Wales
CF38,Wales
CF39,Wales
CF4,Wales
CF40,Wales
CF41,Wales
CF42,Wales
CF43,Wales
CF44,Wales
CF45,Wales
CF46,Wales
CF47,Wales
CF48,Wales
CF5,Wales
CF6,Wales
CF61,Wales
CF62,Wales
CF63,Wales
CF64,Wales
CF7,Wales
CF71,Wales
CF72,Wales
CF8,Wales
CF81,Wales
CF82,Wales
CF83,Wales
CF91,Wales
CF95,Wales
LL1,Wales
LL10,Wales
LL11,Wales
LL14,Wales
LL15,Wales
LL2,Wales
LL21,Wales
LL23,Wales
LL24,Wales
LL3,Wales
LL30,Wales
LL31,Wales
LL32,Wales
LL33,Wales
LL34,Wales
LL35,Wales
LL36,Wales
LL37,Wales
LL38,Wales
LL39,Wales
LL4,Wales
LL40,Wales
LL41,Wales
LL42,Wales
LL43,Wales
LL44,Wales
LL45,Wales
LL46,Wales
LL47,Wales
LL48,Wales
LL5,Wales
LL6,Wales
LL61,Wales
LL62,Wales
LL63,Wales
LL64,Wales
LL7,Wales
LL71,Wales
LL72,Wales
LL8,Wales
LL81,Wales
LL82,Wales
LL83,Wales
LL91,Wales
LL95,Wales
CF99,Wales
CH1,North West
CH9,Wales
CH2,North West
CH25,North West
CH26,North West
CH27,North West
CH28,North West
CH29,North West
CH3,North West
CH30,North West
CH31,North West
CH32,North West
CH33,North West
CH34,North West
CH4,Wales
CH41,North West
CH42,North West
CH43,North West
CH44,North West
CH45,North West
CH46,North West
CH47,North West
CH48,North West
CH49,North West
CH5,Wales
CH6,Wales
CH60,North West
CH61,North West
CH62,North West
CH63,North West
CH64,North West
CH65,North West
CH66,North West
CH7,Wales
CH70,North West
CH8,Wales
CH88,North West
CH99,North West
CM0,Outer South East
CM1,Outer Metropolitan
CM11,Outer Metropolitan
CM12,Outer Metropolitan
CM13,Outer Metropolitan
CM14,Outer Metropolitan
CM15,Outer Metropolitan
CM16,Outer Metropolitan
CM17,Outer Metropolitan
CM18,Outer Metropolitan
CM19,Outer Metropolitan
CM2,Outer Metropolitan
CM20,Outer Metropolitan
CM21,Outer Metropolitan
CM22,Outer South East
CM23,Outer South East
CM24,Outer South East
CM3,Outer Metropolitan
CM4,Outer Metropolitan
CM5,Outer Metropolitan
CM6,Outer South East
CM7,Outer South East
CM77,Outer South East
CM8,Outer South East
CM9,Outer South East
CM92,Outer Metropolitan
CM98,Outer Metropolitan
CM99,Outer Metropolitan
CO1,Outer South East
CO10,East Anglia
CO11,Outer South East
CO12,Outer South East
CO13,Outer South East
CO14,Outer South East
CO15,Outer South East
CO16,Outer South East
CO2,Outer South East
CO3,Outer South East
CO4,Outer South East
CO5,Outer South East
CO6,Outer South East
CO7,Outer South East
CO8,East Anglia
CO9,Outer South East
CR0,Greater London
CR2,Greater London
CR3,Outer Metropolitan
CR4,Greater London
CR44,Greater London
CR5,Greater London
CR6,Greater London
CR7,Greater London
CR8,Greater London
CR9,Greater London
CR90,Greater London
CT1,Outer South East
CT10,Outer South East
CT11,Outer South East
CT12,Outer South East
CT13,Outer South East
CT14,Outer South East
CT15,Outer South East
CT16,Outer South East
CT17,Outer South East
CT18,Outer South East
CT19,Outer South East
CT2,Outer South East
CT20,Outer South East
CT21,Outer South East
CT3,Outer South East
CT4,Outer South East
CT5,Outer South East
CT50,Outer South East
CT6,Outer South East
CT7,Outer South East
CT8,Outer South East
CT9,Outer South East
CV1,West Midlands
CV10,West Midlands
CV11,West Midlands
CV12,West Midlands
CV13,East Midlands
CV2,West Midlands
CV21,West Midlands
CV22,West Midlands
CV23,West Midlands
CV3,West Midlands
CV31,West Midlands
CV32,West Midlands
CV33,West Midlands
CV34,West Midlands
CV35,West Midlands
CV36,West Midlands
CV37,West Midlands
CV4,West Midlands
CV47,West Midlands
CV5,West Midlands
CV6,West Midlands
CV7,West Midlands
CV8,West Midlands
CV9,West Midlands
CW1,North West
CW10,North West
CW11,North West
CW12,North West
CW2,North West
CW3,North West
CW4,North West
CW5,North West
CW6,North West
CW7,North West
CW8,North West
CW9,North West
CW98,North West
DA1,Outer Metropolitan
DA10,Outer Metropolitan
DA11,Outer Metropolitan
DA12,Outer Metropolitan
DA13,Outer Metropolitan
DA14,Greater London
DA15,Greater London
DA16,Greater London
DA17,Greater London
DA18,Greater London
DA2,Outer Metropolitan
DA3,Outer Metropolitan
DA4,Outer Metropolitan
DA5,Greater London
DA6,Greater London
DA7,Greater London
DA8,Greater London
DA9,Outer Metropolitan
DD1,Scotland
DD10,Scotland
DD11,Scotland
DD2,Scotland
DD3,Scotland
DD4,Scotland
DD5,Scotland
DD6,Scotland
DD7,Scotland
DD8,Scotland
DD9,Scotland
DE1,East Midlands
DE11,East Midlands
DE12,East Midlands
DE13,West Midlands
DE14,West Midlands
DE15,West Midlands
DE2,East Midlands
DE21,East Midlands
DE22,East Midlands
DE23,East Midlands
DE24,East Midlands
DE3,East Midlands
DE4,East Midlands
DE45,East Midlands
DE5,East Midlands
DE55,East Midlands
DE56,East Midlands
DE6,East Midlands
DE65,East Midlands
DE7,East Midlands
DE72,East Midlands
DE73,East Midlands
DE74,East Midlands
DE75,East Midlands
DE99,East Midlands
DG1,Scotland
DG10,Scotland
DG11,Scotland
DG12,Scotland
DG13,Scotland
DG14,Scotland
DG16,Scotland
DG2,Scotland
DG3,Scotland
DG4,Scotland
DG5,Scotland
DG6,Scotland
DG7,Scotland
DG8,Scotland
DG9,Scotland
DH1,North
DH14,North
DH2,North
DH3,North
DH4,North
DH5,North
DH6,North
DH7,North
DH8,North
DH9,North
DH97,North
DH98,North
DH99,North
DL1,North
DL10,Yorkshire & Humberside
DL11,Yorkshire & Humberside
DL12,North
DL13,North
DL14,North
DL15,North
DL16,North
DL17,North
DL2,North
DL3,North
DL4,North
DL5,North
DL6,Yorkshire & Humberside
DL7,Yorkshire & Humberside
DL8,Yorkshire & Humberside
DL9,Yorkshire & Humberside
DL98,North
DN1,Yorkshire & Humberside
DN10,East Midlands
DN11,Yorkshire & Humberside
DN12,Yorkshire & Humberside
DN14,Yorkshire & Humberside
DN15,Yorkshire & Humberside
DN16,Yorkshire & Humberside
DN17,Yorkshire & Humberside
DN18,Yorkshire & Humberside
DN19,Yorkshire & Humberside
DN2,Yorkshire & Humberside
DN20,Yorkshire & Humberside
DN21,East Midlands
DN22,East Midlands
DN3,Yorkshire & Humberside
DN31,Yorkshire & Humberside
DN32,Yorkshire & Humberside
DN33,Yorkshire & Humberside
DN34,Yorkshire & Humberside
DN35,Yorkshire & Humberside
DN36,Yorkshire & Humberside
DN37,Yorkshire & Humberside
DN38,Yorkshire & Humberside
DN39,Yorkshire & Humberside
DN4,Yorkshire & Humberside
DN40,Yorkshire & Humberside
DN41,Yorkshire & Humberside
DN5,Yorkshire & Humberside
DN55,Yorkshire & Humberside
DN6,Yorkshire & Humberside
DN7,Yorkshire & Humberside
DN8,Yorkshire & Humberside
DN9,Yorkshire & Humberside
DT1,South West
DT10,South West
DT11,South West
DT2,South West
DT3,South West
DT4,South West
DT5,South West
DT6,South West
DT7,South West
DT8,South West
DT9,South West
DY1,West Midlands
DY10,West Midlands
DY11,West Midlands
DY12,West Midlands
DY13,West Midlands
DY14,West Midlands
DY2,West Midlands
DY3,West Midlands
DY4,West Midlands
DY5,West Midlands
DY6,West Midlands
DY7,West Midlands
DY8,West Midlands
DY9,West Midlands
E1,Greater London
E10,Greater London
E11,Greater London
E12,Greater London
E13,Greater London
E14,Greater London
E15,Greater London
E16,Greater London
E17,Greater London
E18,Greater London
E1W,Greater London
E2,Greater London
E20,Greater London
E3,Greater London
E4,Greater London
E5,Greater London
E6,Greater London
E7,Greater London
E77,Greater London
E8,Greater London
E9,Greater London
E98,Greater London
EC1,Greater London
EC1D,Greater London
EC2,Greater London
EC3,Greater London
EC4,Greater London
EC1A,Greater London
EC1M,Greater London
EC1N,Greater London
EC1P,Greater London
EC1R,Greater London
EC1V,Greater London
EC1Y,Greater London
EC2A,Greater London
EC2M,Greater London
EC2N,Greater London
EC2P,Greater London
EC2R,Greater London
EC2V,Greater London
EC2Y,Greater London
EC3A,Greater London
EC3B,Greater London
EC3M,Greater London
EC3N,Greater London
EC3P,Greater London
EC3R,Greater London
EC3V,Greater London
EC4A,Greater London
EC4M,Greater London
EC4N,Greater London
EC4P,Greater London
EC4R,Greater London
EC4V,Greater London
EC4Y,Greater London
EC50,Greater London
EC88,Greater London
EH1,Scotland
EH10,Scotland
EH11,Scotland
EH12,Scotland
EH13,Scotland
EH14,Scotland
EH15,Scotland
EH16,Scotland
EH17,Scotland
EH18,Scotland
EH19,Scotland
EH2,Scotland
EH20,Scotland
EH21,Scotland
EH22,Scotland
EH23,Scotland
EH24,Scotland
EH25,Scotland
EH26,Scotland
EH27,Scotland
EH28,Scotland
EH29,Scotland
EH3,Scotland
EH30,Scotland
EH31,Scotland
EH32,Scotland
EH33,Scotland
EH34,Scotland
EH35,Scotland
EH36,Scotland
EH37,Scotland
EH38,Scotland
EH39,Scotland
EH4,Scotland
EH40,Scotland
EH41,Scotland
EH42,Scotland
EH43,Scotland
EH44,Scotland
EH45,Scotland
EH46,Scotland
EH47,Scotland
EH48,Scotland
EH49,Scotland
EH5,Scotland
EH51,Scotland
EH52,Scotland
EH53,Scotland
EH54,Scotland
EH55,Scotland
EH6,Scotland
EH7,Scotland
EH8,Scotland
EH9,Scotland
EH91,Scotland
EH95,Scotland
EH99,Scotland
EN1,Greater London
EN10,Outer Metropolitan
EN11,Outer Metropolitan
EN2,Greater London
EN3,Greater London
EN4,Greater London
EN5,Greater London
EN6,Outer Metropolitan
EN7,Greater London
EN77,Greater London
EN8,Outer Metropolitan
EN9,Outer Metropolitan
EX1,South West
EX10,South West
EX11,South West
EX12,South West
EX13,South West
EX14,South West
EX15,South West
EX16,South West
EX17,South West
EX18,South West
EX19,South West
EX2,South West
EX20,South West
EX21,South West
EX22,South West
EX23,South West
EX24,South West
EX3,South West
EX31,South West
EX32,South West
EX33,South West
EX34,South West
EX35,South West
EX36,South West
EX37,South West
EX38,South West
EX39,South West
EX4,South West
EX5,South West
EX6,South West
EX7,South West
EX8,South West
EX9,South West
FK1,Scotland
FK10,Scotland
FK11,Scotland
FK12,Scotland
FK13,Scotland
FK14,Scotland
FK15,Scotland
FK16,Scotland
FK17,Scotland
FK18,Scotland
FK19,Scotland
FK2,Scotland
FK20,Scotland
FK21,Scotland
FK3,Scotland
FK4,Scotland
FK5,Scotland
FK6,Scotland
FK7,Scotland
FK8,Scotland
FK9,Scotland
FY0,North West
FY1,North West
FY2,North West
FY3,North West
FY4,North West
FY5,North West
FY6,North West
FY7,North West
FY8,North West
G1,Scotland
G11,Scotland
G12,Scotland
G13,Scotland
G14,Scotland
G15,Scotland
G2,Scotland
G20,Scotland
G21,Scotland
G22,Scotland
G23,Scotland
G3,Scotland
G31,Scotland
G32,Scotland
G33,Scotland
G34,Scotland
G4,Scotland
G40,Scotland
G41,Scotland
G42,Scotland
G43,Scotland
G44,Scotland
G45,Scotland
G46,Scotland
G5,Scotland
G51,Scotland
G52,Scotland
G53,Scotland
G58,Scotland
G59,Scotland
G60,Scotland
G61,Scotland
G62,Scotland
G63,Scotland
G64,Scotland
G65,Scotland
G66,Scotland
G67,Scotland
G68,Scotland
G69,Scotland
G70,Scotland
G71,Scotland
G72,Scotland
G73,Scotland
G74,Scotland
G75,Scotland
G76,Scotland
G77,Scotland
G78,Scotland
G79,Scotland
G80,Scotland
G81,Scotland
G82,Scotland
G83,Scotland
G84,Scotland
G9,Scotland
G90,Scotland
GL1,South West
GL10,South West
GL11,South West
GL12,South West
GL13,South West
GL14,South West
GL15,South West
GL16,South West
GL17,South West
GL18,South West
GL19,South West
GL2,South West
GL20,South West
GL3,South West
GL4,South West
GL5,South West
GL50,South West
GL51,South West
GL52,South West
GL53,South West
GL54,South West
GL55,South West
GL56,South West
GL6,South West
GL7,South West
GL8,South West
GL9,South West
GU1,Outer Metropolitan
GU10,Outer Metropolitan
GU11,Outer Metropolitan
GU12,Outer Metropolitan
GU13,Outer Metropolitan
GU14,Outer Metropolitan
GU15,Outer Metropolitan
GU16,Outer Metropolitan
GU17,Outer Metropolitan
GU18,Outer Metropolitan
GU19,Outer Metropolitan
GU2,Outer Metropolitan
GU20,Outer Metropolitan
GU21,Outer Metropolitan
GU22,Outer Metropolitan
GU23,Outer Metropolitan
GU24,Outer Metropolitan
GU25,Outer Metropolitan
GU26,Outer Metropolitan
GU27,Outer Metropolitan
GU28,Outer South East
GU29,Outer South East
GU3,Outer Metropolitan
GU30,Outer South East
GU31,Outer South East
GU32,Outer South East
GU33,Outer South East
GU34,Outer South East
GU35,Outer South East
GU4,Outer Metropolitan
GU46,Outer Metropolitan
GU47,Outer Metropolitan
GU5,Outer Metropolitan
GU51,Outer Metropolitan
GU52,Outer Metropolitan
GU6,Outer Metropolitan
GU7,Outer Metropolitan
GU8,Outer Metropolitan
GU9,Outer Metropolitan
GU95,Outer Metropolitan
GY1,Guernsey
GY10,Guernsey
GY2,Guernsey
GY3,Guernsey
GY4,Guernsey
GY5,Guernsey
GY6,Guernsey
GY7,Guernsey
GY8,Guernsey
GY9,Guernsey
HA0,Greater London
HA1,Greater London
HA2,Greater London
HA3,Greater London
HA4,Greater London
HA5,Greater London
HA6,Greater London
HA7,Greater London
HA8,Greater London
HA9,Greater London
HD1,Yorkshire & Humberside
HD2,Yorkshire & Humberside
HD3,Yorkshire & Humberside
HD4,Yorkshire & Humberside
HD5,Yorkshire & Humberside
HD6,Yorkshire & Humberside
HD7,Yorkshire & Humberside
HD8,Yorkshire & Humberside
HD9,Yorkshire & Humberside
HG20,Yorkshire & Humberside
HG1,Yorkshire & Humberside
HG2,Yorkshire & Humberside
HG3,Yorkshire & Humberside
HG4,Yorkshire & Humberside
HG5,Yorkshire & Humberside
HP1,Outer Metropolitan
HP10,Outer Metropolitan
HP11,Outer Metropolitan
HP12,Outer Metropolitan
HP13,Outer Metropolitan
HP14,Outer Metropolitan
HP15,Outer Metropolitan
HP16,Outer Metropolitan
HP17,Outer Metropolitan
HP18,Outer South East
HP19,Outer South East
HP2,Outer Metropolitan
HP20,Outer South East
HP21,Outer South East
HP22,Outer South East
HP23,Outer Metropolitan
HP27,Outer Metropolitan
HP3,Outer Metropolitan
HP4,Outer Metropolitan
HP5,Outer Metropolitan
HP6,Outer Metropolitan
HP7,Outer Metropolitan
HP8,Outer Metropolitan
HP9,Outer Metropolitan
HR1,West Midlands
HR2,West Midlands
HR3,Wales
HR4,West Midlands
HR5,West Midlands
HR6,West Midlands
HR7,West Midlands
HR8,West Midlands
HR9,West Midlands
HS1,Scotland
HS2,Scotland
HS3,Scotland
HS4,Scotland
HS5,Scotland
HS6,Scotland
HS7,Scotland
HS8,Scotland
HS9,Scotland
HU1,Yorkshire & Humberside
HU10,Yorkshire & Humberside
HU11,Yorkshire & Humberside
HU12,Yorkshire & Humberside
HU13,Yorkshire & Humberside
HU14,Yorkshire & Humberside
HU15,Yorkshire & Humberside
HU16,Yorkshire & Humberside
HU17,Yorkshire & Humberside
HU18,Yorkshire & Humberside
HU19,Yorkshire & Humberside
HU2,Yorkshire & Humberside
HU20,Yorkshire & Humberside
HU3,Yorkshire & Humberside
HU4,Yorkshire & Humberside
HU5,Yorkshire & Humberside
HU55,Yorkshire & Humberside
HU6,Yorkshire & Humberside
HU7,Yorkshire & Humberside
HU8,Yorkshire & Humberside
HU9,Yorkshire & Humberside
HX1,Yorkshire & Humberside
HX2,Yorkshire & Humberside
HX3,Yorkshire & Humberside
HX4,Yorkshire & Humberside
HX5,Yorkshire & Humberside
HX6,Yorkshire & Humberside
HX7,Yorkshire & Humberside
IG1,Greater London
IG10,Outer Metropolitan
IG11,Greater London
IG2,Greater London
IG3,Greater London
IG4,Greater London
IG5,Greater London
IG6,Greater London
IG7,Greater London
IG8,Greater London
IG9,Outer Metropolitan
IM1,Isle of Man
IM2,Isle of Man
IM3,Isle of Man
IM4,Isle of Man
IM5,Isle of Man
IM6,Isle of Man
IM7,Isle of Man
IM8,Isle of Man
IM86,Isle of Man
IM9,Isle of Man
IM99,Isle of Man
IP1,East Anglia
IP39,East Anglia
IP10,East Anglia
IP11,East Anglia
IP12,East Anglia
IP13,East Anglia
IP14,East Anglia
IP15,East Anglia
IP16,East Anglia
IP17,East Anglia
IP18,East Anglia
IP19,East Anglia
IP2,East Anglia
IP20,East Anglia
IP21,East Anglia
IP22,East Anglia
IP23,East Anglia
IP24,East Anglia
IP25,East Anglia
IP26,East Anglia
IP27,East Anglia
IP28,East Anglia
IP29,East Anglia
IP3,East Anglia
IP30,East Anglia
IP31,East Anglia
IP32,East Anglia
IP33,East Anglia
IP4,East Anglia
IP5,East Anglia
IP6,East Anglia
IP7,East Anglia
IP8,East Anglia
IP9,East Anglia
IP98,East Anglia
IV1,Scotland
IV10,Scotland
IV11,Scotland
IV12,Scotland
IV13,Scotland
IV14,Scotland
IV15,Scotland
IV16,Scotland
IV17,Scotland
IV18,Scotland
IV19,Scotland
IV2,Scotland
IV20,Scotland
IV21,Scotland
IV22,Scotland
IV23,Scotland
IV24,Scotland
IV25,Scotland
IV26,Scotland
IV27,Scotland
IV28,Scotland
IV3,Scotland
IV30,Scotland
IV31,Scotland
IV32,Scotland
IV33,Scotland
IV34,Scotland
IV35,Scotland
IV36,Scotland
IV4,Scotland
IV40,Scotland
IV41,Scotland
IV42,Scotland
IV43,Scotland
IV44,Scotland
IV45,Scotland
IV46,Scotland
IV47,Scotland
IV48,Scotland
IV49,Scotland
IV5,Scotland
IV51,Scotland
IV52,Scotland
IV53,Scotland
IV54,Scotland
IV55,Scotland
IV56,Scotland
IV6,Scotland
IV63,Scotland
IV7,Scotland
IV8,Scotland
IV9,Scotland
IV99,Scotland
JE1,Jersey
JE2,Jersey
JE3,Jersey
JE4,Jersey
JE5,Jersey
KA1,Scotland
KA10,Scotland
KA11,Scotland
KA12,Scotland
KA13,Scotland
KA14,Scotland
KA15,Scotland
KA16,Scotland
KA17,Scotland
KA18,Scotland
KA19,Scotland
KA2,Scotland
KA20,Scotland
KA21,Scotland
KA22,Scotland
KA23,Scotland
KA24,Scotland
KA25,Scotland
KA26,Scotland
KA27,Scotland
KA28,Scotland
KA29,Scotland
KA3,Scotland
KA30,Scotland
KA4,Scotland
KA5,Scotland
KA6,Scotland
KA7,Scotland
KA8,Scotland
KA9,Scotland
KT1,Greater London
KT10,Outer Metropolitan
KT11,Outer Metropolitan
KT12,Outer Metropolitan
KT13,Outer Metropolitan
KT14,Outer Metropolitan
KT15,Outer Metropolitan
KT16,Outer Metropolitan
KT17,Outer Metropolitan
KT18,Outer Metropolitan
KT19,Outer Metropolitan
KT2,Outer Metropolitan
KT20,Outer Metropolitan
KT21,Outer Metropolitan
KT22,Outer Metropolitan
KT23,Outer Metropolitan
KT24,Outer Metropolitan
KT3,Greater London
KT4,Greater London
KT5,Greater London
KT6,Greater London
KT7,Outer Metropolitan
KT8,Outer Metropolitan
KT9,Greater London
KW1,Scotland
KW10,Scotland
KW11,Scotland
KW12,Scotland
KW13,Scotland
KW14,Scotland
KW15,Scotland
KW16,Scotland
KW17,Scotland
KW2,Scotland
KW3,Scotland
KW5,Scotland
KW6,Scotland
KW7,Scotland
KW8,Scotland
KW9,Scotland
KY1,Scotland
KY10,Scotland
KY11,Scotland
KY12,Scotland
KY13,Scotland
KY14,Scotland
KY15,Scotland
KY16,Scotland
KY2,Scotland
KY3,Scotland
KY4,Scotland
KY5,Scotland
KY6,Scotland
KY7,Scotland
KY8,Scotland
KY9,Scotland
KY99,Scotland
L1,North West
L10,North West
L11,North West
L12,North West
L13,North West
L14,North West
L15,North West
L16,North West
L17,North West
L18,North West
L19,North West
L2,North West
L20,North West
L21,North West
L22,North West
L23,North West
L24,North West
L25,North West
L26,North West
L27,North West
L28,North West
L29,North West
L3,North West
L30,North West
L31,North West
L32,North West
L33,North West
L34,North West
L35,North West
L36,North West
L37,North West
L38,North West
L39,North West
L4,North West
L40,North West
L41,North West
L42,North West
L43,North West
L44,North West
L45,North West
L46,North West
L47,North West
L48,North West
L49,North West
L5,North West
L6,North West
L60,North West
L61,North West
L52,North West
L62,North West
L63,North West
L64,North West
L65,North West
L66,North West
L67,North West
L68,North West
L69,North West
L7,North West
L70,North West
L71,North West
L72,North West
L73,North West
L74,North West
L75,North West
L8,North West
L80,North West
L9,North West
LA1,North West
LA10,North
LA11,North
LA12,North
LA13,North
LA14,North
LA15,North
LA16,North
LA17,North
LA18,North
LA19,North
LA2,North West
LA20,North
LA21,North
LA22,North
LA23,North
LA3,North West
LA4,North West
LA5,North
LA6,North West
LA7,North
LA8,North
LA9,North
LD1,Wales
LD2,Wales
LD3,Wales
LD4,Wales
LD5,Wales
LD6,Wales
LD7,Wales
LD8,Wales
LE1,East Midlands
LE10,East Midlands
LE11,East Midlands
LE12,East Midlands
LE13,East Midlands
LE14,East Midlands
LE15,East Midlands
LE16,East Midlands
LE17,East Midlands
LE18,East Midlands
LE19,East Midlands
LE2,East Midlands
LE21,East Midlands
LE3,East Midlands
LE4,East Midlands
LE41,East Midlands
LE5,East Midlands
LE55,East Midlands
LE6,East Midlands
LE65,East Midlands
LE67,East Midlands
LE7,East Midlands
LE8,East Midlands
LE87,East Midlands
LE9,East Midlands
LE94,East Midlands
LE95,East Midlands
LE99,East Midlands
LL12,Wales
LL13,Wales
LL16,Wales
LL17,Wales
LL18,Wales
LL19,Wales
LL20,Wales
LL22,Wales
LL25,Wales
LL26,Wales
LL27,Wales
LL28,Wales
LL29,Wales
LL49,Wales
LL51,Wales
LL52,Wales
LL53,Wales
LL54,Wales
LL55,Wales
LL56,Wales
LL57,Wales
LL58,Wales
LL59,Wales
LL60,Wales
LL65,Wales
LL66,Wales
LL67,Wales
LL68,Wales
LL69,Wales
LL70,Wales
LL73,Wales
LL74,Wales
LL75,Wales
LL76,Wales
LL77,Wales
LL78,Wales
LN1,East Midlands
LN10,East Midlands
LN11,East Midlands
LN12,East Midlands
LN13,East Midlands
LN2,East Midlands
LN3,East Midlands
LN4,East Midlands
LN5,East Midlands
LN6,East Midlands
LN7,East Midlands
LN8,East Midlands
LN9,East Midlands
LS1,Yorkshire & Humberside
LS10,Yorkshire & Humberside
LS11,Yorkshire & Humberside
LS12,Yorkshire & Humberside
LS13,Yorkshire & Humberside
LS14,Yorkshire & Humberside
LS15,Yorkshire & Humberside
LS16,Yorkshire & Humberside
LS17,Yorkshire & Humberside
LS18,Yorkshire & Humberside
LS19,Yorkshire & Humberside
LS2,Yorkshire & Humberside
LS20,Yorkshire & Humberside
LS21,Yorkshire & Humberside
LS22,Yorkshire & Humberside
LS23,Yorkshire & Humberside
LS24,Yorkshire & Humberside
LS25,Yorkshire & Humberside
LS26,Yorkshire & Humberside
LS27,Yorkshire & Humberside
LS28,Yorkshire & Humberside
LS29,Yorkshire & Humberside
LS3,Yorkshire & Humberside
LS4,Yorkshire & Humberside
LS5,Yorkshire & Humberside
LS6,Yorkshire & Humberside
LS7,Yorkshire & Humberside
LS8,Yorkshire & Humberside
LS88,Yorkshire & Humberside
LS9,Yorkshire & Humberside
LS98,Yorkshire & Humberside
LS99,Yorkshire & Humberside
LU1,Outer Metropolitan
LU2,Outer Metropolitan
LU3,Outer Metropolitan
LU4,Outer Metropolitan
LU5,Outer South East
LU6,Outer South East
LU7,Outer South East
LU95,Outer South East
M1,North West
M10,North West
M11,North West
M12,North West
M13,North West
M14,North West
M15,North West
M16,North West
M17,North West
M18,North West
M19,North West
M2,North West
M20,North West
M21,North West
M22,North West
M23,North West
M24,North West
M25,North West
M26,North West
M27,North West
M28,North West
M29,North West
M3,North West
M30,North West
M31,North West
M32,North West
M33,North West
M34,North West
M35,North West
M38,North West
M4,North West
M40,North West
M41,North West
M43,North West
M44,North West
M45,North West
M46,North West
M5,North West
M50,North West
M52,North West
M6,North West
M60,North West
M61,North West
M7,North West
M8,North West
M9,North West
M90,North West
M99,North West
ME1,Outer Metropolitan
ME10,Outer South East
ME11,Outer South East
ME12,Outer South East
ME13,Outer South East
ME14,Outer Metropolitan
ME15,Outer Metropolitan
ME16,Outer Metropolitan
ME17,Outer Metropolitan
ME18,Outer Metropolitan
ME19,Outer Metropolitan
ME2,Outer Metropolitan
ME20,Outer Metropolitan
ME3,Outer Metropolitan
ME4,Outer Metropolitan
ME5,Outer Metropolitan
ME6,Outer Metropolitan
ME7,Outer Metropolitan
ME8,Outer Metropolitan
ME9,Outer South East
ME99,Outer Metropolitan
MK1,Outer South East
MK10,Outer South East
MK11,Outer South East
MK12,Outer South East
MK13,Outer South East
MK14,Outer South East
MK15,Outer South East
MK16,Outer South East
MK17,Outer South East
MK18,Outer South East
MK19,East Midlands
MK2,Outer South East
MK3,Outer South East
MK4,Outer South East
MK40,Outer South East
MK41,Outer South East
MK42,Outer South East
MK43,Outer South East
MK44,Outer South East
MK45,Outer South East
MK46,Outer South East
MK5,Outer South East
MK6,Outer South East
MK7,Outer South East
MK77,Outer South East
MK8,Outer South East
MK9,Outer South East
MK98,Outer South East
ML1,Scotland
ML10,Scotland
ML11,Scotland
ML12,Scotland
ML2,Scotland
ML3,Scotland
ML4,Scotland
ML5,Scotland
ML6,Scotland
ML7,Scotland
ML8,Scotland
ML9,Scotland
N1,Greater London
N10,Greater London
N11,Greater London
N12,Greater London
N13,Greater London
N14,Greater London
N15,Greater London
N16,Greater London
N17,Greater London
N18,Greater London
N19,Greater London
N1C,Greater London
N1P,Greater London
N2,Greater London
N20,Greater London
N21,Greater London
N22,Greater London
N3,Greater London
N4,Greater London
N5,Greater London
N6,Greater London
N7,Greater London
N8,Greater London
N81,Greater London
N9,Greater London
N24,Greater London
NE1,North
NE10,North
NE11,North
NE12,North
NE13,North
NE15,North
NE16,North
NE17,North
NE18,North
NE19,North
NE2,North
NE20,North
NE21,North
NE22,North
NE23,North
NE24,North
NE25,North
NE26,North
NE27,North
NE28,North
NE29,North
NE3,North
NE30,North
NE31,North
NE32,North
NE33,North
NE34,North
NE35,North
NE36,North
NE37,North
NE38,North
NE39,North
NE4,North
NE40,North
NE41,North
NE42,North
NE43,North
NE44,North
NE45,North
NE46,North
NE47,North
NE48,North
NE49,North
NE5,North
NE6,North
NE61,North
NE62,North
NE63,North
NE64,North
NE65,North
NE66,North
NE67,North
NE68,North
NE69,North
NE7,North
NE70,North
NE71,North
NE8,North
NE82,North
NE83,North
NE85,North
NE88,North
NE89,North
NE9,North
NE92,North
NE98,North
NE99,North
NG1,East Midlands
NG10,East Midlands
NG11,East Midlands
NG12,East Midlands
NG13,East Midlands
NG14,East Midlands
NG15,East Midlands
NG16,East Midlands
NG17,East Midlands
NG18,East Midlands
NG19,East Midlands
NG2,East Midlands
NG20,East Midlands
NG21,East Midlands
NG22,East Midlands
NG23,East Midlands
NG24,East Midlands
NG25,East Midlands
NG3,East Midlands
NG31,East Midlands
NG32,East Midlands
NG33,East Midlands
NG34,East Midlands
NG4,East Midlands
NG5,East Midlands
NG6,East Midlands
NG7,East Midlands
NG70,East Midlands
NG8,East Midlands
NG80,East Midlands
NG89,East Midlands
NG9,East Midlands
NG90,East Midlands
NN0,East Midlands
NN00,East Midlands
NN1,East Midlands
NN10,East Midlands
NN11,East Midlands
NN12,East Midlands
NN13,East Midlands
NN14,East Midlands
NN15,East Midlands
NN16,East Midlands
NN17,East Midlands
NN18,East Midlands
NN2,East Midlands
NN29,East Midlands
NN3,East Midlands
NN4,East Midlands
NN5,East Midlands
NN6,East Midlands
NN7,East Midlands
NN8,East Midlands
NN9,East Midlands
NN99,East Midlands
NP1,Wales
NP10,Wales
NP11,Wales
NP12,Wales
NP13,Wales
NP15,Wales
NP16,Wales
NP18,Wales
NP19,Wales
NP2,Wales
NP20,Wales
NP22,Wales
NP23,Wales
NP24,Wales
NP25,Wales
NP26,Wales
NP3,Wales
NP4,Wales
NP44,Wales
NP5,Wales
NP6,Wales
NP7,Wales
NP8,Wales
NP9,Wales
NPT,Wales
NR1,East Anglia
NR65,East Anglia
NR10,East Anglia
NR11,East Anglia
NR12,East Anglia
NR13,East Anglia
NR14,East Anglia
NR15,East Anglia
NR16,East Anglia
NR17,East Anglia
NR18,East Anglia
NR19,East Anglia
NR2,East Anglia
NR20,East Anglia
NR21,East Anglia
NR22,East Anglia
NR23,East Anglia
NR24,East Anglia
NR25,East Anglia
NR26,East Anglia
NR27,East Anglia
NR28,East Anglia
NR29,East Anglia
NR3,East Anglia
NR30,East Anglia
NR31,East Anglia
NR32,East Anglia
NR33,East Anglia
NR34,East Anglia
NR35,East Anglia
NR4,East Anglia
NR5,East Anglia
NR6,East Anglia
NR7,East Anglia
NR8,East Anglia
NR9,East Anglia
NR99,East Anglia
NW1,Greater London
NW10,Greater London
NW11,Greater London
NW1W,Greater London
NW2,Greater London
NW26,Greater London
NW3,Greater London
NW4,Greater London
NW5,Greater London
NW6,Greater London
NW7,Greater London
NW8,Greater London
NW9,Greater London
OL1,North West
OL10,North West
OL11,North West
OL12,North West
OL13,North West
OL14,Yorkshire & Humberside
OL15,North West
OL16,North West
OL2,North West
OL3,North West
OL4,North West
OL5,North West
OL6,North West
OL7,North West
OL8,North West
OL9,North West
OL95,North West
OX1,Outer South East
OX10,Outer South East
OX11,Outer South East
OX12,Outer South East
OX13,Outer South East
OX14,Outer South East
OX15,Outer South East
OX16,Outer South East
OX17,Outer South East
OX18,Outer South East
OX2,Outer South East
OX20,Outer South East
OX25,Outer South East
OX26,Outer South East
OX27,Outer South East
OX28,Outer South East
OX29,Outer South East
OX3,Outer South East
OX33,Outer South East
OX39,Outer South East
OX4,Outer South East
OX44,Outer South East
OX49,Outer South East
OX5,Outer South East
OX6,Outer South East
OX7,Outer South East
OX8,Outer South East
OX9,Outer South East
PA1,Scotland
PA10,Scotland
PA11,Scotland
PA12,Scotland
PA13,Scotland
PA14,Scotland
PA15,Scotland
PA16,Scotland
PA17,Scotland
PA18,Scotland
PA19,Scotland
PA2,Scotland
PA20,Scotland
PA21,Scotland
PA22,Scotland
PA23,Scotland
PA24,Scotland
PA25,Scotland
PA26,Scotland
PA27,Scotland
PA28,Scotland
PA29,Scotland
PA3,Scotland
PA30,Scotland
PA31,Scotland
PA32,Scotland
PA33,Scotland
PA34,Scotland
PA35,Scotland
PA36,Scotland
PA37,Scotland
PA38,Scotland
PA39,Scotland
PA4,Scotland
PA40,Scotland
PA41,Scotland
PA42,Scotland
PA43,Scotland
PA44,Scotland
PA45,Scotland
PA46,Scotland
PA47,Scotland
PA48,Scotland
PA49,Scotland
PA5,Scotland
PA6,Scotland
PA60,Scotland
PA61,Scotland
PA62,Scotland
PA63,Scotland
PA64,Scotland
PA65,Scotland
PA66,Scotland
PA67,Scotland
PA68,Scotland
PA69,Scotland
PA7,Scotland
PA70,Scotland
PA71,Scotland
PA72,Scotland
PA73,Scotland
PA74,Scotland
PA75,Scotland
PA76,Scotland
PA77,Scotland
PA78,Scotland
PA8,Scotland
PA80,Scotland
PA81,Scotland
PA82,Scotland
PA83,Scotland
PA84,Scotland
PA85,Scotland
PA86,Scotland
PA87,Scotland
PA88,Scotland
PA9,Scotland
PA98,Scotland
PE1,East Anglia
PE10,East Midlands
PE11,East Midlands
PE12,East Midlands
PE13,East Anglia
PE14,East Anglia
PE15,East Anglia
PE16,East Anglia
PE17,East Anglia
PE18,East Anglia
PE19,East Anglia
PE2,East Anglia
PE20,East Midlands
PE21,East Midlands
PE22,East Midlands
PE23,East Midlands
PE24,East Midlands
PE25,East Midlands
PE26,East Anglia
PE27,East Anglia
PE28,East Anglia
PE29,East Anglia
PE3,East Anglia
PE30,East Anglia
PE31,East Anglia
PE32,East Anglia
PE33,East Anglia
PE34,East Anglia
PE35,East Anglia
PE36,East Anglia
PE37,East Anglia
PE38,East Anglia
PE4,East Anglia
PE5,East Anglia
PE6,East Midlands
PE7,East Anglia
PE8,East Midlands
PE9,East Midlands
PE99,East Anglia
PH1,Scotland
PH10,Scotland
PH11,Scotland
PH12,Scotland
PH13,Scotland
PH14,Scotland
PH15,Scotland
PH16,Scotland
PH17,Scotland
PH18,Scotland
PH19,Scotland
PH2,Scotland
PH20,Scotland
PH21,Scotland
PH22,Scotland
PH23,Scotland
PH24,Scotland
PH25,Scotland
PH26,Scotland
PH3,Scotland
PH30,Scotland
PH31,Scotland
PH32,Scotland
PH33,Scotland
PH34,Scotland
PH35,Scotland
PH36,Scotland
PH37,Scotland
PH38,Scotland
PH39,Scotland
PH4,Scotland
PH40,Scotland
PH41,Scotland
PH42,Scotland
PH43,Scotland
PH44,Scotland
PH49,Scotland
PH5,Scotland
PH50,Scotland
PH6,Scotland
PH7,Scotland
PH8,Scotland
PH9,Scotland
PL1,South West
PL10,South West
PL11,South West
PL12,South West
PL13,South West
PL14,South West
PL15,South West
PL16,South West
PL17,South West
PL18,South West
PL19,South West
PL2,South West
PL20,South West
PL21,South West
PL22,South West
PL23,South West
PL24,South West
PL25,South West
PL26,South West
PL27,South West
PL28,South West
PL29,South West
PL3,South West
PL30,South West
PL31,South West
PL32,South West
PL33,South West
PL34,South West
PL35,South West
PL4,South West
PL5,South West
PL6,South West
PL7,South West
PL8,South West
PL9,South West
PL95,South West
PO1,Outer South East
PO10,Outer South East
PO11,Outer South East
PO12,Outer South East
PO13,Outer South East
PO14,Outer South East
PO15,Outer South East
PO16,Outer South East
PO17,Outer South East
PO18,Outer South East
PO19,Outer South East
PO2,Outer South East
PO20,Outer South East
PO21,Outer South East
PO22,Outer South East
PO3,Outer South East
PO30,Outer South East
PO31,Outer South East
PO32,Outer South East
PO33,Outer South East
PO34,Outer South East
PO35,Outer South East
PO36,Outer South East
PO37,Outer South East
PO38,Outer South East
PO39,Outer South East
PO4,Outer South East
PO40,Outer South East
PO41,Outer South East
PO5,Outer South East
PO6,Outer South East
PO7,Outer South East
PO8,Outer South East
PO9,Outer South East
PR0,North West
PR17,North West
PR1,North West
PR11,North West
PR2,North West
PR25,North West
PR26,North West
PR3,North West
PR4,North West
PR5,North West
PR6,North West
PR7,North West
PR8,North West
PR9,North West
RG1,Outer Metropolitan
RG10,Outer Metropolitan
RG11,Outer Metropolitan
RG12,Outer Metropolitan
RG13,Outer South East
RG14,Outer South East
RG15,Outer South East
RG16,Outer South East
RG17,Outer South East
RG18,Outer South East
RG19,Outer South East
RG2,Outer Metropolitan
RG20,Outer South East
RG21,Outer South East
RG22,Outer South East
RG23,Outer South East
RG24,Outer South East
RG25,Outer Metropolitan
RG26,Outer South East
RG27,Outer South East
RG28,Outer South East
RG29,Outer Metropolitan
RG3,Outer Metropolitan
RG30,Outer Metropolitan
RG31,Outer South East
RG4,Outer Metropolitan
RG40,Outer Metropolitan
RG41,Outer Metropolitan
RG42,Outer Metropolitan
RG45,Outer Metropolitan
RG5,Outer Metropolitan
RG6,Outer Metropolitan
RG7,Outer Metropolitan
RG8,Outer South East
RG9,Outer South East
RH1,Outer Metropolitan
RH10,Outer Metropolitan
RH11,Outer Metropolitan
RH12,Outer Metropolitan
RH13,Outer Metropolitan
RH14,Outer South East
RH15,Outer Metropolitan
RH16,Outer Metropolitan
RH17,Outer Metropolitan
RH18,Outer South East
RH19,Outer Metropolitan
RH2,Outer Metropolitan
RH20,Outer Metropolitan
RH3,Outer Metropolitan
RH4,Outer Metropolitan
RH5,Outer Metropolitan
RH6,Outer Metropolitan
RH7,Outer Metropolitan
RH77,Outer Metropolitan
RH8,Outer Metropolitan
RH9,Outer Metropolitan
RM1,Greater London
RM10,Greater London
RM11,Greater London
RM12,Greater London
RM13,Greater London
RM14,Greater London
RM15,Outer Metropolitan
RM16,Outer Metropolitan
RM17,Outer Metropolitan
RM18,Outer Metropolitan
RM19,Outer Metropolitan
RM2,Greater London
RM20,Outer Metropolitan
RM3,Greater London
RM4,Outer Metropolitan
RM5,Greater London
RM50,Greater London
RM6,Greater London
RM7,Greater London
RM8,Greater London
RM9,Greater London
S1,Yorkshire & Humberside
S10,Yorkshire & Humberside
S11,Yorkshire & Humberside
S12,Yorkshire & Humberside
S13,Yorkshire & Humberside
S14,Yorkshire & Humberside
S17,Yorkshire & Humberside
S18,East Midlands
S19,Yorkshire & Humberside
S2,Yorkshire & Humberside
S20,Yorkshire & Humberside
S21,East Midlands
S25,Yorkshire & Humberside
S26,Yorkshire & Humberside
S3,Yorkshire & Humberside
S30,East Midlands
S31,Yorkshire & Humberside
S32,East Midlands
S33,East Midlands
S35,Yorkshire & Humberside
S36,Yorkshire & Humberside
S4,Yorkshire & Humberside
S40,East Midlands
S41,East Midlands
S42,East Midlands
S43,East Midlands
S44,East Midlands
S45,East Midlands
S49,East Midlands
S5,Yorkshire & Humberside
S6,Yorkshire & Humberside
S60,Yorkshire & Humberside
S61,Yorkshire & Humberside
S62,Yorkshire & Humberside
S63,Yorkshire & Humberside
S64,Yorkshire & Humberside
S65,Yorkshire & Humberside
S66,Yorkshire & Humberside
S69,Yorkshire & Humberside
S7,Yorkshire & Humberside
S70,Yorkshire & Humberside
S71,Yorkshire & Humberside
S72,Yorkshire & Humberside
S73,Yorkshire & Humberside
S74,Yorkshire & Humberside
S75,Yorkshire & Humberside
S8,Yorkshire & Humberside
S80,East Midlands
S81,East Midlands
S9,Yorkshire & Humberside
S95,Yorkshire & Humberside
S96,Yorkshire & Humberside
S97,Yorkshire & Humberside
S98,Yorkshire & Humberside
S99,Yorkshire & Humberside
SA1,Wales
SA10,Wales
SA11,Wales
SA12,Wales
SA13,Wales
SA14,Wales
SA15,Wales
SA16,Wales
SA17,Wales
SA18,Wales
SA19,Wales
SA2,Wales
SA20,Wales
SA3,Wales
SA31,Wales
SA32,Wales
SA33,Wales
SA34,Wales
SA35,Wales
SA36,Wales
SA37,Wales
SA38,Wales
SA39,Wales
SA4,Wales
SA40,Wales
SA41,Wales
SA42,Wales
SA43,Wales
SA44,Wales
SA45,Wales
SA46,Wales
SA47,Wales
SA48,Wales
SA5,Wales
SA6,Wales
SA61,Wales
SA62,Wales
SA63,Wales
SA64,Wales
SA65,Wales
SA66,Wales
SA67,Wales
SA68,Wales
SA69,Wales
SA7,Wales
SA70,Wales
SA71,Wales
SA72,Wales
SA73,Wales
SA8,Wales
SA80,Wales
SA9,Wales
SA99,Wales
SE1,Greater London
SE10,Greater London
SE11,Greater London
SE12,Greater London
SE13,Greater London
SE14,Greater London
SE15,Greater London
SE16,Greater London
SE17,Greater London
SE18,Greater London
SE19,Greater London
SE1P,Greater London
SE2,Greater London
SE20,Greater London
SE21,Greater London
SE22,Greater London
SE23,Greater London
SE24,Greater London
SE25,Greater London
SE26,Greater London
SE27,Greater London
SE28,Greater London
SE3,Greater London
SE4,Greater London
SE5,Greater London
SE29,Greater London
SE6,Greater London
SE7,Greater London
SE8,Greater London
SE9,Greater London
SE99,Greater London
SG1,Outer Metropolitan
SG10,Outer Metropolitan
SG11,Outer Metropolitan
SG12,Outer Metropolitan
SG13,Outer Metropolitan
SG14,Outer Metropolitan
SG15,Outer South East
SG16,Outer South East
SG17,Outer South East
SG18,Outer South East
SG19,Outer South East
SG2,Outer Metropolitan
SG3,Outer Metropolitan
SG4,Outer Metropolitan
SG5,Outer Metropolitan
SG6,Outer Metropolitan
SG7,Outer Metropolitan
SG8,East Anglia
SG9,Outer Metropolitan
SK1,North West
SK18,North West
SK10,North West
SK11,North West
SK12,North West
SK13,East Midlands
SK14,North West
SK15,North West
SK16,North West
SK17,East Midlands
SK2,North West
SK22,East Midlands
SK23,East Midlands
SK3,North West
SK4,North West
SK5,North West
SK6,North West
SK7,North West
SK8,North West
SK9,North West
SL0,Outer Metropolitan
SL1,Outer Metropolitan
SL2,Outer Metropolitan
SL3,Outer Metropolitan
SL4,Outer Metropolitan
SL5,Outer Metropolitan
SL6,Outer Metropolitan
SL60,Outer Metropolitan
SL7,Outer Metropolitan
SL8,Outer Metropolitan
SL9,Outer Metropolitan
SL95,Outer Metropolitan
SM1,Greater London
SM2,Greater London
SM3,Greater London
SM4,Greater London
SM5,Greater London
SM6,Greater London
SM7,Outer Metropolitan
SN1,South West
SN10,South West
SN11,South West
SN12,South West
SN13,South West
SN14,South West
SN15,South West
SN16,South West
SN17,South West
SN2,South West
SN25,South West
SN26,South West
SN3,South West
SN38,South West
SN4,South West
SN42,South West
SN5,South West
SN6,South West
SN7,Outer South East
SN8,South West
SN86,South West
SN9,South West
SN99,South West
SO1,Outer South East
SO14,Outer South East
SO15,Outer South East
SO16,Outer South East
SO17,Outer South East
SO18,Outer South East
SO19,Outer South East
SO2,Outer South East
SO20,Outer South East
SO21,Outer South East
SO22,Outer South East
SO23,Outer South East
SO24,Outer South East
SO25,Outer South East
SO3,Outer South East
SO30,Outer South East
SO31,Outer South East
SO32,Outer South East
SO4,Outer South East
SO40,Outer South East
SO41,Outer South East
SO42,Outer South East
SO43,Outer South East
SO45,Outer South East
SO5,Outer South East
SO50,Outer South East
SO51,Outer South East
SO52,Outer South East
SO53,Outer South East
SO9,Outer South East
SO97,Outer South East
SP1,South West
SP10,Outer South East
SP11,Outer South East
SP2,South West
SP3,South West
SP4,South West
SP5,South West
SP6,Outer South East
SP7,South West
SP8,South West
SP9,South West
SR1,North
SR2,North
SR3,North
SR4,North
SR43,North
SR5,North
SR6,North
SR7,North
SR8,North
SR88,North
SR9,North
SS0,Outer Metropolitan
SS1,Outer Metropolitan
SS11,Outer Metropolitan
SS12,Outer Metropolitan
SS13,Outer Metropolitan
SS14,Outer Metropolitan
SS15,Outer Metropolitan
SS16,Outer Metropolitan
SS17,Outer Metropolitan
SS2,Outer Metropolitan
SS22,Outer Metropolitan
SS3,Outer Metropolitan
SS4,Outer Metropolitan
SS5,Outer Metropolitan
SS6,Outer Metropolitan
SS7,Outer Metropolitan
SS8,Outer Metropolitan
SS9,Outer Metropolitan
SS99,Outer Metropolitan
ST1,West Midlands
ST10,West Midlands
ST11,West Midlands
ST12,West Midlands
ST13,West Midlands
ST14,West Midlands
ST15,West Midlands
ST16,West Midlands
ST17,West Midlands
ST18,West Midlands
ST19,West Midlands
ST2,West Midlands
ST20,West Midlands
ST21,West Midlands
ST3,West Midlands
ST4,West Midlands
ST5,West Midlands
ST55,West Midlands
ST6,West Midlands
ST7,West Midlands
ST8,West Midlands
ST9,West Midlands
SW1,Greater London
SW2,Greater London
SW3,Greater London
SW4,Greater London
SW5,Greater London
SW6,Greater London
SW7,Greater London
SW8,Greater London
SW9,Greater London
WC1,Greater London
WC2,Greater London
WC3,Greater London
WC4,Greater London
WC5,Greater London
WC6,Greater London
WC7,Greater London
WC8,Greater London
WC9,Greater London
SW10,Greater London
SW11,Greater London
SW12,Greater London
SW13,Greater London
SW14,Greater London
SW15,Greater London
SW16,Greater London
SW17,Greater London
SW18,Greater London
SW19,Greater London
SW1A,Greater London
SW1E,Greater London
SW1H,Greater London
SW1P,Greater London
SW1V,Greater London
SW1W,Greater London
SW1X,Greater London
SW1Y,Greater London
SW20,Greater London
SW95,Greater London
SW99,Greater London
SY1,West Midlands
SY10,Wales
SY11,West Midlands
SY12,West Midlands
SY13,West Midlands
SY14,North West
SY15,Wales
SY16,Wales
SY17,Wales
SY18,Wales
SY19,Wales
SY2,West Midlands
SY20,Wales
SY21,Wales
SY22,Wales
SY23,Wales
SY24,Wales
SY25,Wales
SY3,West Midlands
SY4,West Midlands
SY5,West Midlands
SY6,West Midlands
SY7,West Midlands
SY8,West Midlands
SY9,West Midlands
SY99,West Midlands
TA1,South West
TA10,South West
TA11,South West
TA12,South West
TA13,South West
TA14,South West
TA15,South West
TA16,South West
TA17,South West
TA18,South West
TA19,South West
TA2,South West
TA20,South West
TA21,South West
TA22,South West
TA23,South West
TA24,South West
TA3,South West
TA4,South West
TA5,South West
TA6,South West
TA7,South West
TA8,South West
TA9,South West
TD1,Scotland
TD10,Scotland
TD11,Scotland
TD12,Scotland
TD13,Scotland
TD14,Scotland
TD15,North
TD2,Scotland
TD3,Scotland
TD4,Scotland
TD5,Scotland
TD6,Scotland
TD7,Scotland
TD8,Scotland
TD9,Scotland
TF1,West Midlands
TF10,West Midlands
TF11,West Midlands
TF12,West Midlands
TF13,West Midlands
TF2,West Midlands
TF3,West Midlands
TF4,West Midlands
TF5,West Midlands
TF6,West Midlands
TF7,West Midlands
TF8,West Midlands
TF9,West Midlands
TN1,Outer Metropolitan
TN10,Outer Metropolitan
TN11,Outer Metropolitan
TN12,Outer Metropolitan
TN13,Outer Metropolitan
TN14,Outer Metropolitan
TN15,Outer Metropolitan
TN16,Outer Metropolitan
TN17,Outer Metropolitan
TN18,Outer Metropolitan
TN19,Outer South East
TN2,Outer Metropolitan
TN20,Outer South East
TN21,Outer South East
TN22,Outer South East
TN23,Outer South East
TN24,Outer South East
TN25,Outer South East
TN26,Outer South East
TN27,Outer South East
TN28,Outer South East
TN29,Outer South East
TN3,Outer Metropolitan
TN30,Outer South East
TN31,Outer South East
TN32,Outer South East
TN33,Outer South East
TN34,Outer South East
TN35,Outer South East
TN36,Outer South East
TN37,Outer South East
TN38,Outer South East
TN39,Outer South East
TN4,Outer Metropolitan
TN40,Outer South East
TN5,Outer South East
TN52,Outer South East
TN6,Outer South East
TN7,Outer South East
TN8,Outer Metropolitan
TN9,Outer Metropolitan
TQ1,South West
TQ10,South West
TQ11,South West
TQ12,South West
TQ13,South West
TQ14,South West
TQ2,South West
TQ3,South West
TQ4,South West
TQ5,South West
TQ6,South West
TQ7,South West
TQ8,South West
TQ9,South West
TR1,South West
TR10,South West
TR11,South West
TR12,South West
TR13,South West
TR14,South West
TR15,South West
TR16,South West
TR17,South West
TR18,South West
TR19,South West
TR2,South West
TR20,South West
TR21,South West
TR22,South West
TR23,South West
TR24,South West
TR25,South West
TR26,South West
TR27,South West
TR3,South West
TR4,South West
TR5,South West
TR6,South West
TR7,South West
TR8,South West
TR9,South West
TR93,South West
TS1,North
TS10,North
TS11,North
TS12,North
TS13,North
TS14,North
TS15,Yorkshire & Humberside
TS16,North
TS17,North
TS18,North
TS19,North
TS2,North
TS20,North
TS21,North
TS22,North
TS23,North
TS24,North
TS25,North
TS26,North
TS27,North
TS28,North
TS29,North
TS3,North
TS4,North
TS5,North
TS6,North
TS7,North
TS8,Yorkshire & Humberside
TS9,Yorkshire & Humberside
TS90,North
TW1,Greater London
TW10,Greater London
TW11,Greater London
TW12,Greater London
TW13,Greater London
TW14,Greater London
TW15,Outer Metropolitan
TW16,Outer Metropolitan
TW17,Outer Metropolitan
TW18,Outer Metropolitan
TW19,Outer Metropolitan
TW2,Greater London
TW20,Outer Metropolitan
TW3,Greater London
TW4,Greater London
TW5,Greater London
TW6,Greater London
TW7,Greater London
TW8,Greater London
TW9,Greater London
UB1,Greater London
UB10,Greater London
UB11,Greater London
UB18,Greater London
UB2,Greater London
UB3,Greater London
UB4,Greater London
UB5,Greater London
UB6,Greater London
UB7,Greater London
UB8,Greater London
UB9,Outer Metropolitan
W1,Greater London
W2,Greater London
W3,Greater London
W4,Greater London
W10,Greater London
W11,Greater London
W12,Greater London
W13,Greater London
W14,Greater London
W1A,Greater London
W1B,Greater London
W1C,Greater London
W1D,Greater London
W1E,Greater London
W1F,Greater London
W1G,Greater London
W1H,Greater London
W1J,Greater London
W1K,Greater London
W1M,Greater London
W1N,Greater London
W1P,Greater London
W1R,Greater London
W1S,Greater London
W1T,Greater London
W1U,Greater London
W1V,Greater London
W1W,Greater London
W1X,Greater London
W1Y,Greater London
W5,Greater London
W6,Greater London
W7,Greater London
W8,Greater London
W9,Greater London
WA1,North West
WA10,North West
WA11,North West
WA12,North West
WA13,North West
WA14,North West
WA15,North West
WA16,North West
WA2,North West
WA3,North West
WA4,North West
WA5,North West
WA55,North West
WA6,North West
WA7,North West
WA8,North West
WA88,North West
WA9,North West
WC1A,Greater London
WC1B,Greater London
WC1E,Greater London
WC1H,Greater London
WC1N,Greater London
WC1R,Greater London
WC1V,Greater London
WC1X,Greater London
WC2A,Greater London
WC2B,Greater London
WC2E,Greater London
WC2H,Greater London
WC2N,Greater London
WC2R,Greater London
WC99,Greater London
WD1,Outer Metropolitan
WD17,Outer Metropolitan
WD18,Outer Metropolitan
WD19,Outer Metropolitan
WD2,Outer Metropolitan
WD23,Outer Metropolitan
WD24,Outer Metropolitan
WD25,Outer Metropolitan
WD3,Outer Metropolitan
WD4,Outer Metropolitan
WD5,Outer Metropolitan
WD6,Outer Metropolitan
WD7,Outer Metropolitan
WD99,Outer Metropolitan
WF1,Yorkshire & Humberside
WF10,Yorkshire & Humberside
WF11,Yorkshire & Humberside
WF12,Yorkshire & Humberside
WF13,Yorkshire & Humberside
WF14,Yorkshire & Humberside
WF15,Yorkshire & Humberside
WF16,Yorkshire & Humberside
WF17,Yorkshire & Humberside
WF2,Yorkshire & Humberside
WF3,Yorkshire & Humberside
WF4,Yorkshire & Humberside
WF5,Yorkshire & Humberside
WF6,Yorkshire & Humberside
WF7,Yorkshire & Humberside
WF8,Yorkshire & Humberside
WF9,Yorkshire & Humberside
WF90,Yorkshire & Humberside
WN1,North West
WN2,North West
WN3,North West
WN4,North West
WN5,North West
WN6,North West
WN7,North West
WN8,North West
WR1,West Midlands
WR10,West Midlands
WR11,West Midlands
WR12,West Midlands
WR13,West Midlands
WR14,West Midlands
WR15,West Midlands
WR2,West Midlands
WR3,West Midlands
WR4,West Midlands
WR5,West Midlands
WR6,West Midlands
WR7,West Midlands
WR78,West Midlands
WR8,West Midlands
WR9,West Midlands
WR99,West Midlands
WS1,West Midlands
WS10,West Midlands
WS11,West Midlands
WS12,West Midlands
WS13,West Midlands
WS14,West Midlands
WS15,West Midlands
WS2,West Midlands
WS3,West Midlands
WS4,West Midlands
WS5,West Midlands
WS6,West Midlands
WS7,West Midlands
WS8,West Midlands
WS9,West Midlands
WV1,West Midlands
WV2,West Midlands
WV10,West Midlands
WV11,West Midlands
WV12,West Midlands
WV13,West Midlands
WV14,West Midlands
WV15,West Midlands
WV16,West Midlands
WV3,West Midlands
WV4,West Midlands
WV5,West Midlands
WV6,West Midlands
WV7,West Midlands
WV8,West Midlands
WV9,West Midlands
WV98,West Midlands
WV99,West Midlands
YO1,Yorkshire & Humberside
YO10,Yorkshire & Humberside
YO11,Yorkshire & Humberside
YO12,Yorkshire & Humberside
YO13,Yorkshire & Humberside
YO14,Yorkshire & Humberside
YO15,Yorkshire & Humberside
YO16,Yorkshire & Humberside
YO17,Yorkshire & Humberside
YO18,Yorkshire & Humberside
YO19,Yorkshire & Humberside
YO2,Yorkshire & Humberside
YO21,Yorkshire & Humberside
YO22,Yorkshire & Humberside
YO23,Yorkshire & Humberside
YO24,Yorkshire & Humberside
YO25,Yorkshire & Humberside
YO26,Yorkshire & Humberside
YO3,Yorkshire & Humberside
YO30,Yorkshire & Humberside
YO31,Yorkshire & Humberside
YO32,Yorkshire & Humberside
YO4,Yorkshire & Humberside
YO41,Yorkshire & Humberside
YO42,Yorkshire & Humberside
YO43,Yorkshire & Humberside
YO5,Yorkshire & Humberside
YO51,Yorkshire & Humberside
YO6,Yorkshire & Humberside
YO60,Yorkshire & Humberside
YO61,Yorkshire & Humberside
YO62,Yorkshire & Humberside
YO7,Yorkshire & Humberside
YO8,Yorkshire & Humberside
YO90,Yorkshire & Humberside
YO91,Yorkshire & Humberside
YO95,Yorkshire & Humberside
ZE1,Scotland
ZE2,Scotland
ZE3,Scotland
